﻿<?xml version="1.0" encoding="utf-8" standalone="no" ?>
<modDesc descVersion="43">
    <author>Agrartechnik Westfalen</author>
    <version>1.0</version>
    <title>
        <en>New Holland FDR 600</en>
        <de>New Holland FDR 600</de>
    </title>
    <description>
        <en>New Holland FDR 600</en>
        <de>New Holland FDR 600</de>
    </description>
    <iconFilename>store/store_fdr600.png.png</iconFilename>
    <storeItems>
        <storeItem xmlFilename="xml/fdr600.xml"/>
    </storeItems>
</modDesc>
