<?xml version="1.0" encoding="utf-8" standalone="no"?>
<vehicle type="flieglFlatbed">
    <annotation>Copyright (C) GIANTS Software GmbH, All Rights Reserved.</annotation>

    <storeData>
        <name>
            <en>Flatbed Semi Trailer Squarebales Cotton</en>
            <de>Flachbett Sattelauflieger Quaderballen Baumwolle</de>
        </name>
        <specs>
            <combination>Truck, Dolly</combination>
        </specs>
        <functions>
            <function>$l10n_function_semiTrailer</function>
            <function>$l10n_function_baleTrailer</function>
            <function>$l10n_function_baleStacker</function>
        </functions>
        <image>store_flieglFlatbed.png</image>
        <price>28000</price>
        <lifetime>600</lifetime>
        <rotation>0</rotation>
        <brand>FLIEGL</brand>
        <category>cottonHarvesting</category>
        <shopTranslationOffset>0 -0.04 0</shopTranslationOffset>
        <shopRotationOffset>0 0 0</shopRotationOffset>
        <vertexBufferMemoryUsage>500492</vertexBufferMemoryUsage>
        <indexBufferMemoryUsage>70092</indexBufferMemoryUsage>
        <textureMemoryUsage>18175640</textureMemoryUsage>
        <instanceVertexBufferMemoryUsage>0</instanceVertexBufferMemoryUsage>
        <instanceIndexBufferMemoryUsage>0</instanceIndexBufferMemoryUsage>
    </storeData>

    <base>
        <typeDesc>$l10n_typeDesc_trailer</typeDesc>
        <filename>flieglFlatbed.i3d</filename>
        <size width="3" length="13" lengthOffset="0.3"/>
        <components>
            <component centerOfMass="0 0.3 -2" solverIterationCount="35" mass="10370" />
        </components>
        <schemaOverlay attacherJointPosition="0 0">
            <default name="DEFAULT_IMPLEMENT"/>
            <selected name="DEFAULT_IMPLEMENT_SELECTED"/>
        </schemaOverlay>
    </base>

    <wheels>
        <wheelConfigurations>
            <wheelConfiguration name="$l10n_configuration_valueDefault" brand="Lizard" price="0">
                <wheels>
                    <wheel filename="$data/shared/wheels/lizard/implement/385_65R22_5.xml" isLeft="true" hasParticles="true">
                        <physics restLoad="0.9" repr="wheelLeftFront"   forcePointRatio="0.3" initialCompression="60" suspTravel="0.08" spring="65" damper="42"/>
                    </wheel>
                    <wheel filename="$data/shared/wheels/lizard/implement/385_65R22_5.xml" isLeft="false" hasParticles="true">
                        <physics restLoad="0.9" repr="wheelRightFront"  forcePointRatio="0.3" initialCompression="60" suspTravel="0.08" spring="65" damper="42"/>
                    </wheel>
                    <wheel filename="$data/shared/wheels/lizard/implement/385_65R22_5.xml" isLeft="true" hasTireTracks="true">
                        <physics restLoad="0.9" repr="wheelLeftMiddle"  forcePointRatio="0.3" initialCompression="38" suspTravel="0.08" spring="65" damper="42"/>
                        <wheelChock parkingNode="wheelChock01" />
                        <wheelChock parkingNode="wheelChock02" isInverted="true" />
                    </wheel>
                    <wheel filename="$data/shared/wheels/lizard/implement/385_65R22_5.xml" isLeft="false" hasTireTracks="true">
                        <physics restLoad="0.9" repr="wheelRightMiddle" forcePointRatio="0.3" initialCompression="38" suspTravel="0.08" spring="65" damper="42"/>
                    </wheel>
                    <wheel filename="$data/shared/wheels/lizard/implement/385_65R22_5.xml" isLeft="true" hasParticles="true">
                        <physics restLoad="0.9" repr="wheelLeftBack"    forcePointRatio="0.3" initialCompression="15" suspTravel="0.08" spring="65" damper="42"/>
                    </wheel>
                    <wheel filename="$data/shared/wheels/lizard/implement/385_65R22_5.xml" isLeft="false" hasParticles="true">
                        <physics restLoad="0.9" repr="wheelRightBack"   forcePointRatio="0.3" initialCompression="15" suspTravel="0.08" spring="65" damper="42"/>
                    </wheel>
                </wheels>
            </wheelConfiguration>
            <wheelConfiguration name="$l10n_configuration_valueSteeringAxle" brand="Lizard" price="400">
                <wheels>
                    <wheel filename="$data/shared/wheels/lizard/implement/385_65R22_5.xml" isLeft="true" hasParticles="true">
                        <physics restLoad="0.9" repr="wheelLeftFront"   forcePointRatio="0.3" initialCompression="60" suspTravel="0.08" spring="65" damper="42"/>
                    </wheel>
                    <wheel filename="$data/shared/wheels/lizard/implement/385_65R22_5.xml" isLeft="false" hasParticles="true">
                        <physics restLoad="0.9" repr="wheelRightFront"  forcePointRatio="0.3" initialCompression="60" suspTravel="0.08" spring="65" damper="42"/>
                    </wheel>
                    <wheel filename="$data/shared/wheels/lizard/implement/385_65R22_5.xml" isLeft="true" hasTireTracks="true">
                        <physics restLoad="0.9" repr="axisLeftMiddle" driveNode="wheelLeftMiddle" forcePointRatio="0.3" initialCompression="38" suspTravel="0.08" spring="65" damper="42"/>
                        <steeringAxle scale="-0.7" rotMax="10" rotMin="-10" />
                        <wheelChock parkingNode="wheelChock01" />
                        <wheelChock parkingNode="wheelChock02" isInverted="true" />
                    </wheel>
                    <wheel filename="$data/shared/wheels/lizard/implement/385_65R22_5.xml" isLeft="false" hasTireTracks="true">
                        <physics restLoad="0.9" repr="axisRightMiddle" driveNode="wheelRightMiddle" forcePointRatio="0.3" initialCompression="38" suspTravel="0.08" spring="65" damper="42"/>
                        <steeringAxle scale="-0.7" rotMax="10" rotMin="-10" />
                    </wheel>
                    <wheel filename="$data/shared/wheels/lizard/implement/385_65R22_5.xml" isLeft="true" hasParticles="true">
                        <physics restLoad="0.9" repr="axisLeftBack" driveNode="wheelLeftBack" forcePointRatio="0.3" initialCompression="15" suspTravel="0.08" spring="65" damper="42"/>
                        <steeringAxle scale="-0.7" rotMax="15" rotMin="-15" />
                    </wheel>
                    <wheel filename="$data/shared/wheels/lizard/implement/385_65R22_5.xml" isLeft="false" hasParticles="true">
                        <physics restLoad="0.9" repr="axisRightBack" driveNode="wheelRightBack" forcePointRatio="0.3" initialCompression="15" suspTravel="0.08" spring="65" damper="42"/>
                        <steeringAxle scale="-0.7" rotMax="15" rotMin="-15" />
                    </wheel>
                </wheels>
            </wheelConfiguration>
            <wheelConfiguration name="$l10n_configuration_valueDefault" brand="Trelleborg" price="600">
                <wheels>
                    <wheel filename="$data/shared/wheels/trelleborg/T404/560_45R22_5.xml" isLeft="true" hasParticles="true">
                        <physics restLoad="1.0" repr="wheelLeftFront" forcePointRatio="0.3" initialCompression="37" suspTravel="0.20" spring="40" damper="42"/>
                    </wheel>
                    <wheel filename="$data/shared/wheels/trelleborg/T404/560_45R22_5.xml" isLeft="false" hasParticles="true">
                        <physics restLoad="1.0" repr="wheelRightFront" forcePointRatio="0.3" initialCompression="37" suspTravel="0.20" spring="40" damper="42"/>
                    </wheel>
                    <wheel filename="$data/shared/wheels/trelleborg/T404/560_45R22_5.xml" isLeft="true" hasTireTracks="true">
                        <physics restLoad="1.0" repr="wheelLeftMiddle" forcePointRatio="0.3" initialCompression="31" suspTravel="0.17" spring="40" damper="42"/>
                        <wheelChock parkingNode="wheelChock01" />
                        <wheelChock parkingNode="wheelChock02" isInverted="true" />
                    </wheel>
                    <wheel filename="$data/shared/wheels/trelleborg/T404/560_45R22_5.xml" isLeft="false" hasTireTracks="true">
                        <physics restLoad="1.0" repr="wheelRightMiddle" forcePointRatio="0.3" initialCompression="31" suspTravel="0.17" spring="40" damper="42"/>
                    </wheel>
                    <wheel filename="$data/shared/wheels/trelleborg/T404/560_45R22_5.xml" isLeft="true" hasParticles="true">
                        <physics restLoad="1.0" repr="wheelLeftBack" forcePointRatio="0.3" initialCompression="20" suspTravel="0.15" spring="40" damper="42"/>
                    </wheel>
                    <wheel filename="$data/shared/wheels/trelleborg/T404/560_45R22_5.xml" isLeft="false" hasParticles="true">
                        <physics restLoad="1.0" repr="wheelRightBack" forcePointRatio="0.3" initialCompression="20" suspTravel="0.15" spring="40" damper="42"/>
                    </wheel>
                </wheels>
            </wheelConfiguration>
            <wheelConfiguration name="$l10n_configuration_valueSteeringAxle" brand="Trelleborg" price="1000">
                <wheels>
                    <wheel filename="$data/shared/wheels/trelleborg/T404/560_45R22_5.xml" isLeft="true" hasParticles="true">
                        <physics restLoad="1.0" repr="wheelLeftFront" forcePointRatio="0.3" initialCompression="37" suspTravel="0.20" spring="40" damper="42"/>
                    </wheel>
                    <wheel filename="$data/shared/wheels/trelleborg/T404/560_45R22_5.xml" isLeft="false" hasParticles="true">
                        <physics restLoad="1.0" repr="wheelRightFront" forcePointRatio="0.3" initialCompression="37" suspTravel="0.20" spring="40" damper="42"/>
                    </wheel>
                    <wheel filename="$data/shared/wheels/trelleborg/T404/560_45R22_5.xml" isLeft="true" hasTireTracks="true">
                        <physics restLoad="1.0" repr="axisLeftMiddle" driveNode="wheelLeftMiddle" forcePointRatio="0.3" initialCompression="31" suspTravel="0.17" spring="40" damper="42"/>
                        <steeringAxle scale="-0.7" rotMax="10" rotMin="-10" />
                        <wheelChock parkingNode="wheelChock01" />
                        <wheelChock parkingNode="wheelChock02" isInverted="true" />
                    </wheel>
                    <wheel filename="$data/shared/wheels/trelleborg/T404/560_45R22_5.xml" isLeft="false" hasTireTracks="true">
                        <physics restLoad="1.0" repr="axisRightMiddle" driveNode="wheelRightMiddle" forcePointRatio="0.3" initialCompression="31" suspTravel="0.17" spring="40" damper="42"/>
                        <steeringAxle scale="-0.7" rotMax="10" rotMin="-10" />
                    </wheel>
                    <wheel filename="$data/shared/wheels/trelleborg/T404/560_45R22_5.xml" isLeft="true" hasParticles="true">
                        <physics restLoad="1.0" repr="axisLeftBack" driveNode="wheelLeftBack" forcePointRatio="0.3" initialCompression="20" suspTravel="0.15" spring="40" damper="42"/>
                        <steeringAxle scale="-0.7" rotMax="15" rotMin="-15" />
                    </wheel>
                    <wheel filename="$data/shared/wheels/trelleborg/T404/560_45R22_5.xml" isLeft="false" hasParticles="true">
                        <physics restLoad="1.0" repr="axisRightBack" driveNode="wheelRightBack" forcePointRatio="0.3" initialCompression="20" suspTravel="0.15" spring="40" damper="42"/>
                        <steeringAxle scale="-0.7" rotMax="15" rotMin="-15" />
                    </wheel>
                </wheels>
            </wheelConfiguration>
            <wheelConfiguration name="$l10n_configuration_valueDefault" brand="Michelin" price="600">
                <wheels>
                    <wheel filename="$data/shared/wheels/michelin/cargoXBibHD/560_45R22_5.xml" isLeft="true" hasParticles="true">
                        <physics restLoad="1.0" repr="wheelLeftFront"   forcePointRatio="0.3" initialCompression="37" suspTravel="0.20" spring="40" damper="42"/>
                    </wheel>
                    <wheel filename="$data/shared/wheels/michelin/cargoXBibHD/560_45R22_5.xml" isLeft="false" hasParticles="true">
                        <physics restLoad="1.0" repr="wheelRightFront"  forcePointRatio="0.3" initialCompression="37" suspTravel="0.20" spring="40" damper="42"/>
                    </wheel>
                    <wheel filename="$data/shared/wheels/michelin/cargoXBibHD/560_45R22_5.xml" isLeft="true" hasTireTracks="true">
                        <physics restLoad="1.0" repr="wheelLeftMiddle"  forcePointRatio="0.3" initialCompression="31" suspTravel="0.17" spring="40" damper="42"/>
                        <wheelChock parkingNode="wheelChock01" />
                        <wheelChock parkingNode="wheelChock02" isInverted="true" />
                    </wheel>
                    <wheel filename="$data/shared/wheels/michelin/cargoXBibHD/560_45R22_5.xml" isLeft="false" hasTireTracks="true">
                        <physics restLoad="1.0" repr="wheelRightMiddle" forcePointRatio="0.3" initialCompression="31" suspTravel="0.17" spring="40" damper="42"/>
                    </wheel>
                    <wheel filename="$data/shared/wheels/michelin/cargoXBibHD/560_45R22_5.xml" isLeft="true" hasParticles="true">
                        <physics restLoad="1.0" repr="wheelLeftBack"    forcePointRatio="0.3" initialCompression="20" suspTravel="0.15" spring="40" damper="42"/>
                    </wheel>
                    <wheel filename="$data/shared/wheels/michelin/cargoXBibHD/560_45R22_5.xml" isLeft="false" hasParticles="true">
                        <physics restLoad="1.0" repr="wheelRightBack"   forcePointRatio="0.3" initialCompression="20" suspTravel="0.15" spring="40" damper="42"/>
                    </wheel>
                </wheels>
            </wheelConfiguration>
            <wheelConfiguration name="$l10n_configuration_valueSteeringAxle" brand="Michelin" price="1000">
                <wheels>
                    <wheel filename="$data/shared/wheels/michelin/cargoXBibHD/560_45R22_5.xml" isLeft="true" hasParticles="true">
                        <physics restLoad="1.0" repr="wheelLeftFront"   forcePointRatio="0.3" initialCompression="37" suspTravel="0.20" spring="40" damper="42"/>
                    </wheel>
                    <wheel filename="$data/shared/wheels/michelin/cargoXBibHD/560_45R22_5.xml" isLeft="false" hasParticles="true">
                        <physics restLoad="1.0" repr="wheelRightFront"  forcePointRatio="0.3" initialCompression="37" suspTravel="0.20" spring="40" damper="42"/>
                    </wheel>
                    <wheel filename="$data/shared/wheels/michelin/cargoXBibHD/560_45R22_5.xml" isLeft="true" hasTireTracks="true">
                        <physics restLoad="1.0" repr="axisLeftMiddle" driveNode="wheelLeftMiddle" forcePointRatio="0.3" initialCompression="31" suspTravel="0.17" spring="40" damper="42"/>
                        <steeringAxle scale="-0.7" rotMax="10" rotMin="-10" />
                        <wheelChock parkingNode="wheelChock01" />
                        <wheelChock parkingNode="wheelChock02" isInverted="true" />
                    </wheel>
                    <wheel filename="$data/shared/wheels/michelin/cargoXBibHD/560_45R22_5.xml" isLeft="false" hasTireTracks="true">
                        <physics restLoad="1.0" repr="axisRightMiddle" driveNode="wheelRightMiddle" forcePointRatio="0.3" initialCompression="31" suspTravel="0.17" spring="40" damper="42"/>
                        <steeringAxle scale="-0.7" rotMax="10" rotMin="-10" />
                    </wheel>
                    <wheel filename="$data/shared/wheels/michelin/cargoXBibHD/560_45R22_5.xml" isLeft="true" hasParticles="true">
                        <physics restLoad="1.0" repr="axisLeftBack" driveNode="wheelLeftBack" forcePointRatio="0.3" initialCompression="20" suspTravel="0.15" spring="40" damper="42"/>
                        <steeringAxle scale="-0.7" rotMax="15" rotMin="-15" />
                    </wheel>
                    <wheel filename="$data/shared/wheels/michelin/cargoXBibHD/560_45R22_5.xml" isLeft="false" hasParticles="true">
                        <physics restLoad="1.0" repr="axisRightBack" driveNode="wheelRightBack" forcePointRatio="0.3" initialCompression="20" suspTravel="0.15" spring="40" damper="42"/>
                        <steeringAxle scale="-0.7" rotMax="15" rotMin="-15" />
                    </wheel>
                </wheels>
            </wheelConfiguration>
        </wheelConfigurations>

        <hubs>
            <hub linkNode="wheelLeftFront"   filename="$data/shared/wheels/hubs/hub_n10_5.xml" isLeft="true"  scale="0.285 0.285 0.285" />
            <hub linkNode="wheelRightFront"  filename="$data/shared/wheels/hubs/hub_n10_5.xml" isLeft="false" scale="0.285 0.285 0.285" />
            <hub linkNode="wheelLeftMiddle"  filename="$data/shared/wheels/hubs/hub_n10_5.xml" isLeft="true"  scale="0.285 0.285 0.285" />
            <hub linkNode="wheelRightMiddle" filename="$data/shared/wheels/hubs/hub_n10_5.xml" isLeft="false" scale="0.285 0.285 0.285" />
            <hub linkNode="wheelLeftBack"    filename="$data/shared/wheels/hubs/hub_n10_5.xml" isLeft="true"  scale="0.285 0.285 0.285" />
            <hub linkNode="wheelRightBack"   filename="$data/shared/wheels/hubs/hub_n10_5.xml" isLeft="false" scale="0.285 0.285 0.285" />
        </hubs>
    </wheels>

    <dynamicallyLoadedParts>
        <dynamicallyLoadedPart node="0" linkNode="chockSupport01" filename="$data/shared/assets/wheelChocks/wheelChockSupport01.i3d"/>
        <dynamicallyLoadedPart node="0" linkNode="chockSupport02" filename="$data/shared/assets/wheelChocks/wheelChockSupport01.i3d"/>
    </dynamicallyLoadedParts>

    <connectionHoses>
		<hose inputAttacherJointIndices="1" type="airDoubleRed"  node="airRedFront"  length="1.65" diameter="0.02" straighteningFactor="2" minDeltaY="-0.3">
            <objectChange node="airRedConnector" visibilityActive="true" visibilityInactive="false"/>
            <objectChange node="airRedCab" rotationActive="14 0 0" rotationInactive="-95 0 0"/>
        </hose>
		<hose inputAttacherJointIndices="1" type="airDoubleYellow"  node="airYellowFront"  length="1.65" diameter="0.02" straighteningFactor="1" minDeltaY="-0.3">
            <objectChange node="airYellowConnector" visibilityActive="true" visibilityInactive="false"/>
            <objectChange node="airYellowCab" rotationActive="14 0 0" rotationInactive="-95 0 0"/>
        </hose>
		<hose inputAttacherJointIndices="1" type="electric"  node="electricFront"  length="1.65" diameter="0.015" straighteningFactor="1.5" minDeltaY="-0.3">
            <objectChange node="electricConnector" visibilityActive="true" visibilityInactive="false"/>
            <objectChange node="electricCab" rotationActive="0 0 0" rotationInactive="-90 0 0"/>
        </hose>

        <target attacherJointIndices="1" type="electric"        node="electricBack"     socket="electric_metal" />
        <target attacherJointIndices="1" type="airDoubleRed"    node="airRedBack"       socket="air_red" />
        <target attacherJointIndices="1" type="airDoubleYellow" node="airYellowBack"    socket="air_yellow" />

        <target attacherJointIndices="2" type="electric"        node="electricBack"     socket="electric_metal" />
        <target attacherJointIndices="2" type="airDoubleRed"    node="airRedBack"       socket="air_red" />
        <target attacherJointIndices="2" type="airDoubleYellow" node="airYellowBack"    socket="air_yellow" />
    </connectionHoses>

    <attachable>
        <inputAttacherJoints>
            <inputAttacherJoint node="attacherJoint" jointType="semitrailer"/>
        </inputAttacherJoints>
        <support animationName="moveSupport"/>
        <brakeForce>0.6</brakeForce>
    </attachable>

    <attacherJoints>
        <attacherJointConfigurations>
            <attacherJointConfiguration name="$l10n_configuration_valueDefault" price="0">
                <objectChange node="backAttacher_vis" visibilityActive="false"/>
                <objectChange node="hosesBack" visibilityActive="false"/>
            </attacherJointConfiguration>
            <attacherJointConfiguration name="$l10n_configuration_trailerAttacherBack" price="700">
                <attacherJoint node="trailerAttacherJointBack" jointType="trailerLow" lowerRotLimit="10 80 80" upperRotationOffset="0" allowsJointLimitMovement="false" canTurnOnImplement="false">
                    <schema position="1 0" rotation="0" invertX="false"/>
                    <objectChange node="backAttacher_vis" visibilityActive="true"/>
                    <objectChange node="hosesBack" visibilityActive="true"/>
                </attacherJoint>
                <attacherJoint node="trailerAttacherJointBack" jointType="trailer" lowerRotLimit="10 80 80" upperRotationOffset="0" allowsJointLimitMovement="false" canTurnOnImplement="false">
                    <schema position="1 0" rotation="0" invertX="false"/>
                    <objectChange node="backAttacher_vis" visibilityActive="true"/>
                    <objectChange node="hosesBack" visibilityActive="true"/>
                </attacherJoint>
            </attacherJointConfiguration>
        </attacherJointConfigurations>

        <sounds>
            <attach template="ATTACH_01" linkNode="flatbedSemiTrailer_main_component1" />
            <hydraulic template="DEFAULT_HYDRAULIC_SOUND" linkNode="flatbedSemiTrailer_main_component1" />
        </sounds>
    </attacherJoints>

    <lights>
        <sharedLight linkNode="rear5ChamberLight_02_left" filename="$data/shared/assets/lights/lizard/rear5ChamberLight_02_left.xml" />
        <sharedLight linkNode="rear5ChamberLight_02_right" filename="$data/shared/assets/lights/lizard/rear5ChamberLight_02_right.xml" />
        <sharedLight linkNode="sideMarker_03_left" filename="$data/shared/assets/lights/lizard/sideMarker_03_left.xml" />
        <sharedLight linkNode="sideMarker_03_right" filename="$data/shared/assets/lights/lizard/sideMarker_03_right.xml" />
        <sharedLight linkNode="rearLightCircleWhite_02_1" filename="$data/shared/assets/lights/lizard/rearLightCircleWhite_02.xml" />
        <sharedLight linkNode="rearLightCircleWhite_02_2" filename="$data/shared/assets/lights/lizard/rearLightCircleWhite_02.xml" />
        <sharedLight linkNode="sideMarker_06_1" filename="$data/shared/assets/lights/lizard/sideMarker_06Orange.xml" />
        <sharedLight linkNode="sideMarker_06_2" filename="$data/shared/assets/lights/lizard/sideMarker_06Orange.xml" />
        <sharedLight linkNode="sideMarker_06_3" filename="$data/shared/assets/lights/lizard/sideMarker_06Orange.xml" />
        <sharedLight linkNode="sideMarker_06_4" filename="$data/shared/assets/lights/lizard/sideMarker_06Orange.xml" />
        <sharedLight linkNode="sideMarker_06_5" filename="$data/shared/assets/lights/lizard/sideMarker_06Orange.xml" />
        <sharedLight linkNode="sideMarker_06_6" filename="$data/shared/assets/lights/lizard/sideMarker_06Orange.xml" />
        <sharedLight linkNode="sideMarker_06_7" filename="$data/shared/assets/lights/lizard/sideMarker_06Orange.xml" />
        <sharedLight linkNode="sideMarker_06_8" filename="$data/shared/assets/lights/lizard/sideMarker_06Orange.xml" />
        <sharedLight linkNode="sideMarker_06_9" filename="$data/shared/assets/lights/lizard/sideMarker_06Orange.xml" />
        <sharedLight linkNode="sideMarker_06_10" filename="$data/shared/assets/lights/lizard/sideMarker_06Orange.xml" />
        <sharedLight linkNode="sideMarker_06_11" filename="$data/shared/assets/lights/lizard/sideMarker_06Orange.xml" />
        <sharedLight linkNode="sideMarker_06_12" filename="$data/shared/assets/lights/lizard/sideMarker_06Orange.xml" />
        <sharedLight linkNode="frontLightCone_01_1" filename="$data/shared/assets/lights/lizard/frontLightCone_01.xml" />
        <sharedLight linkNode="frontLightCone_01_2" filename="$data/shared/assets/lights/lizard/frontLightCone_01.xml" />

        <realLights>
            <high>
                <light node="backLightsHigh" lightTypes="0"/>
                <turnLightLeft node="turnLightLeftBack"/>
                <turnLightRight node="turnLightRightBack"/>
                <brakeLight node="backLightsHigh"/>
                <reverseLight node="reverseLight"/>
            </high>
        </realLights>
    </lights>

    <animations>
        <animation name="moveBalePlacesToEmpty">
            <part node="unloadPosZ"    startTime="0" endTime="0.01" startTrans="0 0 0" endTrans="0 0 0"/>
            <part node="unloadPosY"    startTime="0" endTime="0.01" startTrans="0 2.7 3.5" endTrans="0 2.7 3.5"/>
        </animation>
        
        <animation name="baleGrabberTransportToWork">        
            <part node="unloadPosZ"        startTime="0"      duration="0.01" startTrans="0 0 0" endTrans="0 0 0"/>
            <part node="unloadPosY"        startTime="0"      duration="0.01" startTrans="0 2.7 3.5" endTrans="0 2.7 3.5"/>
        </animation>

        <animation name="moveSupport">
            <part node="support" startTime="0" endTime="1" startTrans="0 0.5 2.816" endTrans="0 0 2.816"/>
        </animation>
    </animations>

    <cylindered>
        <movingTools>
            <movingTool node="unloadPosZ" playSound="false">
                <controls axis="AXIS_CRANE_ARM" invertAxis="true" mouseSpeedFactor="1" iconName="CRANE_EC_TRANSLATE_Z"/>
                <translation transSpeed="4" transAcceleration="4" transMax="4" transMin="-4" translationAxis="1"/>
            </movingTool>
            
            <movingTool node="unloadPosY" playSound="false">
                <controls axis="AXIS_CRANE_ARM2" invertAxis="true" mouseSpeedFactor="1" iconName="CRANE_EC_TRANSLATE_Y"/>
                <translation transSpeed="4" transAcceleration="4" transMax="2.5" transMin="1.2" translationAxis="2"/>
            </movingTool>
        </movingTools>

        <sounds>
            <hydraulic template="DEFAULT_HYDRAULIC_SOUND" linkNode="flatbedSemiTrailer_main_component1"/>
        </sounds>
    </cylindered>

    <tensionBelts>
        <tensionBeltsConfigurations>
            <tensionBeltsConfiguration>
                <tensionBelts linkNode="tensionBelts" jointNode="flatbedSemiTrailer_main_component1" width="0.075" maxEdgeLength="0.1" geometryBias="0.01" ratchetPosition="0.2" defaultOffset="-0.25" defaultOffsetSide="0.1" defaultHeight="2.75" interactionRadius="1.5" totalInteractionRadius="6.5" activationTrigger="beltActivationTrigger">
                    <tensionBelt startNode="beltStart1" endNode="beltEnd1" offsetLeft="0.95"/>
                    <tensionBelt startNode="beltStart2" endNode="beltEnd2"/>
                    <tensionBelt startNode="beltStart3" endNode="beltEnd3"/>
                    <tensionBelt startNode="beltStart4" endNode="beltEnd4"/>
                    <tensionBelt startNode="beltStart5" endNode="beltEnd5"/>
                    <tensionBelt startNode="beltStart6" endNode="beltEnd6"/>
                    <tensionBelt startNode="beltStart7" endNode="beltEnd7"/>
                    <tensionBelt startNode="beltStart8" endNode="beltEnd8"/>
                    <tensionBelt startNode="beltStart9" endNode="beltEnd9" offsetRight="0.8"/>
                </tensionBelts>
            </tensionBeltsConfiguration>
        </tensionBeltsConfigurations>
    </tensionBelts>

    <fillUnit>
        <fillUnitConfigurations>
            <fillUnitConfiguration>
                <fillUnits>
                    <fillUnit unit="$l10n_unit_bale" capacity="2" fillTypes="squareBale"/>
                </fillUnits>
                <objectChange node="gridBack_vis" visibilityActive="false" />
                <objectChange node="colPartBack" rigidBodyTypeActive="NoRigidBody" compoundChildActive="false" />
            </fillUnitConfiguration>
        </fillUnitConfigurations>
    </fillUnit>

    <baleLoader>
        <texts lowerPlattform="action_baleloaderTransportPosition"/>
        <grabber grabNode="baleGrabber" triggerNode="baleTrigger" pickupRange="10" transportPositionAfterUnloading="true">
            <grabParticleSystem disableDuration="0" position="0 0.5 0" rotation="0 0 0" file="$data/particleSystems/shared/threshingStrawParticles.i3d"/>
        </grabber>
        <balePlaces startBalePlace="baleStartPlace">
             <balePlace node="baleUnloading"/>
        </balePlaces>
        <baleTypes>
            <baleType minBaleWidth="2.4"  maxBaleWidth="2.5" minBaleHeight="2.4" maxBaleHeight="2.5" minBaleLength="4.8" maxBaleLength="5"/>
        </baleTypes>
    </baleLoader>    

    <foliageBending>
        <bendingNode minX="-1.3" maxX="1.3" minZ="-5.8" maxZ="6.3" yOffset="0.6" />
    </foliageBending>

    <baseMaterial>
        <material name="flieglTimberRunner_mat" baseNode="trailer_vis">
            <shaderParameter name="colorMat0" value="METAL_PAINTED_BLACK" material="16"/>
        </material>
        <material name="flieglDPW210_mat" baseNode="flatbed_vis">
            <shaderParameter name="colorMat0" value="METAL_PAINTED_BLACK" material="16"/>
        </material>
        <material name="attacher_mat" baseNode="backAttacher_vis">
            <shaderParameter name="colorMat0" value="METAL_PAINTED_BLACK" material="16"/>
        </material>
    </baseMaterial>

    <baseMaterialConfigurations price="1250" useDefaultColors="true" >
        <baseMaterialConfiguration name="STEEL SILVER"			color="METAL_SILVER_SCRATCHY"	material="8" price="1250"/>
        <baseMaterialConfiguration name="STEEL BLACK"			color="SHARED_BLACK6"			material="8" price="1250"/>
        <baseMaterialConfiguration name="STEEL GALVANIZED"		color="METAL_GALVANIZED"		material="4" price="1250"/>
        <baseMaterialConfiguration name="FLIEGL ORANGE"			color="FLIEGL_ORANGE1"			material="0" price="1250"/>
        <baseMaterialConfiguration name="FLIEGL RED 1"			color="FLIEGL_RED1"				material="0" price="1250"/>
        <baseMaterialConfiguration name="FLIEGL RED 2"			color="FLIEGL_RED2"				material="0" price="1250"/>
        <baseMaterialConfiguration name="FLIEGL GREEN 1"		color="FLIEGL_GREEN1"			material="0" price="1250"/>
        <baseMaterialConfiguration name="FLIEGL GREEN 2"		color="FLIEGL_GREEN2"			material="0" price="1250"/>
        <baseMaterialConfiguration name="FLIEGL GREEN SPECIAL"	color="FLIEGL_GREEN3"			material="0" price="1250"/>
        <baseMaterialConfiguration name="FLIEGL BLUE"			color="FLIEGL_BLUE1"			material="0" price="1250"/>
        <baseMaterialConfiguration name="FLIEGL BROWN"			color="FLIEGL_BROWN1"			material="0" price="1250"/>
        <baseMaterialConfiguration name="FLIEGL BLACK"			color="METAL_PAINTED_BLACK"		material="0" price="0" isDefault="true"/>
        <material name="flieglTimberRunner_mat" shaderParameter="colorMat0"/>
        <material name="attacher_mat" shaderParameter="colorMat0"/>
    </baseMaterialConfigurations>

    <designMaterialConfigurations price="500" useDefaultColors="true" >
        <designMaterialConfiguration name="STEEL SILVER"			color="METAL_SILVER_SCRATCHY"	material="8" price="500"/>
        <designMaterialConfiguration name="STEEL BLACK"				color="SHARED_BLACK6"			material="8" price="500"/>
        <designMaterialConfiguration name="STEEL GALVANIZED"		color="METAL_GALVANIZED"		material="4" price="500"/>
        <designMaterialConfiguration name="FLIEGL ORANGE"			color="FLIEGL_ORANGE1"			material="0" price="500"/>
        <designMaterialConfiguration name="FLIEGL RED 1"			color="FLIEGL_RED1"				material="0" price="500"/>
        <designMaterialConfiguration name="FLIEGL RED 2"			color="FLIEGL_RED2"				material="0" price="500"/>
        <designMaterialConfiguration name="FLIEGL GREEN 1"			color="FLIEGL_GREEN1"			material="0" price="500"/>
        <designMaterialConfiguration name="FLIEGL GREEN 2"			color="FLIEGL_GREEN2"			material="0" price="500"/>
        <designMaterialConfiguration name="FLIEGL GREEN SPECIAL"	color="FLIEGL_GREEN3"			material="0" price="500"/>
        <designMaterialConfiguration name="FLIEGL BLUE"				color="FLIEGL_BLUE1"			material="0" price="500"/>
        <designMaterialConfiguration name="FLIEGL BROWN"			color="FLIEGL_BROWN1"			material="0" price="500"/>
        <designMaterialConfiguration name="FLIEGL BLACK"			color="METAL_PAINTED_BLACK"		material="0" price="0" isDefault="true"/>
        <material name="flieglDPW210_mat" shaderParameter="colorMat0"/>
    </designMaterialConfigurations>

    <rimColorConfigurations useDefaultColors="true" price="600">
        <rimColorConfiguration name="STEEL BLACK " 		color="SHARED_BLACK6"			material="8" price="300"/>
        <rimColorConfiguration name="STEEL SILVER "		color="METAL_SILVER_SCRATCHY"	material="8" price="300"/>
        <rimColorConfiguration name="STEEL CHROME "		color="METAL_CHROME"			material="2" price="300"/>
        <rimColorConfiguration name="PAINTED GREY "		color="SHARED_GREY1"			material="0" price="0" isDefault="true"/>
        <rimColorConfiguration name="PAINTED BLACK "	color="METAL_PAINTED_BLACK"		material="0" price="300"/>
    </rimColorConfigurations>

    <designConfigurations title="$l10n_configuration_decals">
        <designConfiguration name="$l10n_configuration_valueWhite" price="0">
                <objectChange node="decalsWhite" visibilityActive="true" visibilityInactive="false"/>
        </designConfiguration>
        <designConfiguration name="$l10n_configuration_valueRed" price="0">
                <objectChange node="decalsRed" visibilityActive="true" visibilityInactive="false"/>
        </designConfiguration>            
        <designConfiguration name="$l10n_configuration_valueBlack" price="0">
                <objectChange node="decalsBlack" visibilityActive="true" visibilityInactive="false"/>
        </designConfiguration>
    </designConfigurations>

    <vehicleTypeConfigurations title="$l10n_configuration_autoload"> 
        <vehicleTypeConfiguration name="$l10n_configuration_valueYes" price="1000" vehicleType="flieglFlatbed" />
        <vehicleTypeConfiguration name="$l10n_configuration_valueNo" price="0" vehicleType="trailer" />
    </vehicleTypeConfigurations>

    <wearable wearDuration="480" workMultiplier="5" fieldMultiplier="2"/>
    <washable dirtDuration="90" washDuration="1" workMultiplier="3" fieldMultiplier="2"/>

    <i3dMappings>
        <i3dMapping id="flatbedSemiTrailer_main_component1" node="0>" />
        <i3dMapping id="attacherJoint" node="0>0|0|0" />
        <i3dMapping id="support" node="0>0|0|1" />
        <i3dMapping id="chockSupport01" node="0>0|0|2|0" />
        <i3dMapping id="chockSupport02" node="0>0|0|2|1" />
        <i3dMapping id="wheelChock01" node="0>0|0|2|2" />
        <i3dMapping id="wheelChock02" node="0>0|0|2|3" />
        <i3dMapping id="wheelLeftFront" node="0>0|1|0" />
        <i3dMapping id="wheelRightFront" node="0>0|1|1" />
        <i3dMapping id="axisLeftMiddle" node="0>0|1|2" />
        <i3dMapping id="wheelLeftMiddle" node="0>0|1|2|0" />
        <i3dMapping id="axisRightMiddle" node="0>0|1|3" />
        <i3dMapping id="wheelRightMiddle" node="0>0|1|3|0" />
        <i3dMapping id="axisLeftBack" node="0>0|1|4" />
        <i3dMapping id="wheelLeftBack" node="0>0|1|4|0" />
        <i3dMapping id="axisRightBack" node="0>0|1|5" />
        <i3dMapping id="wheelRightBack" node="0>0|1|5|0" />
        <i3dMapping id="frontLightCone_01_2" node="0>0|2|0|0" />
        <i3dMapping id="frontLightCone_01_1" node="0>0|2|0|1" />
        <i3dMapping id="sideMarker_06_12" node="0>0|2|0|2" />
        <i3dMapping id="sideMarker_06_11" node="0>0|2|0|3" />
        <i3dMapping id="sideMarker_06_10" node="0>0|2|0|4" />
        <i3dMapping id="sideMarker_06_9" node="0>0|2|0|5" />
        <i3dMapping id="sideMarker_06_8" node="0>0|2|0|6" />
        <i3dMapping id="sideMarker_06_7" node="0>0|2|0|7" />
        <i3dMapping id="sideMarker_06_6" node="0>0|2|0|8" />
        <i3dMapping id="sideMarker_06_5" node="0>0|2|0|9" />
        <i3dMapping id="sideMarker_06_4" node="0>0|2|0|10" />
        <i3dMapping id="sideMarker_06_3" node="0>0|2|0|11" />
        <i3dMapping id="sideMarker_06_2" node="0>0|2|0|12" />
        <i3dMapping id="sideMarker_06_1" node="0>0|2|0|13" />
        <i3dMapping id="rearLightCircleWhite_02_1" node="0>0|2|0|14" />
        <i3dMapping id="rearLightCircleWhite_02_2" node="0>0|2|0|15" />
        <i3dMapping id="sideMarker_03_right" node="0>0|2|0|16" />
        <i3dMapping id="sideMarker_03_left" node="0>0|2|0|17" />
        <i3dMapping id="rear5ChamberLight_02_right" node="0>0|2|0|18" />
        <i3dMapping id="rear5ChamberLight_02_left" node="0>0|2|0|19" />
        <i3dMapping id="backLightsHigh" node="0>0|2|1" />
        <i3dMapping id="turnLightLeftBack" node="0>0|2|2" />
        <i3dMapping id="turnLightRightBack" node="0>0|2|3" />
        <i3dMapping id="reverseLight" node="0>0|2|4" />
        <i3dMapping id="tensionBelts" node="0>0|3" />
        <i3dMapping id="beltActivationTrigger" node="0>0|3|0" />
        <i3dMapping id="beltStart1" node="0>0|3|1|0" />
        <i3dMapping id="beltEnd1" node="0>0|3|1|0|0" />
        <i3dMapping id="beltStart2" node="0>0|3|1|1" />
        <i3dMapping id="beltEnd2" node="0>0|3|1|1|0" />
        <i3dMapping id="beltStart3" node="0>0|3|1|2" />
        <i3dMapping id="beltEnd3" node="0>0|3|1|2|0" />
        <i3dMapping id="beltStart4" node="0>0|3|1|3" />
        <i3dMapping id="beltEnd4" node="0>0|3|1|3|0" />
        <i3dMapping id="beltStart5" node="0>0|3|1|4" />
        <i3dMapping id="beltEnd5" node="0>0|3|1|4|0" />
        <i3dMapping id="beltStart6" node="0>0|3|1|5" />
        <i3dMapping id="beltEnd6" node="0>0|3|1|5|0" />
        <i3dMapping id="beltStart7" node="0>0|3|1|6" />
        <i3dMapping id="beltEnd7" node="0>0|3|1|6|0" />
        <i3dMapping id="beltStart8" node="0>0|3|1|7" />
        <i3dMapping id="beltEnd8" node="0>0|3|1|7|0" />
        <i3dMapping id="beltStart9" node="0>0|3|1|8" />
        <i3dMapping id="beltEnd9" node="0>0|3|1|8|0" />
        <i3dMapping id="beltStart10" node="0>0|3|1|9" />
        <i3dMapping id="beltEnd10" node="0>0|3|1|9|0" />
        <i3dMapping id="trailer_vis" node="0>0" />
        <i3dMapping id="trailerAttacherJointBack" node="0>0|0|3" />
        <i3dMapping id="decalsWhite" node="0>0|6|0|0" />
        <i3dMapping id="decalsRed" node="0>0|6|0|1" />
        <i3dMapping id="decalsBlack" node="0>0|6|0|2" />
        <i3dMapping id="baleGrabber" node="0>0|7|0" />
        <i3dMapping id="baleTrigger" node="0>0|7|1" />
        <i3dMapping id="baleStartPlace" node="0>0|7|6" />
        <i3dMapping id="baleUnloading" node="0>0|7|7|0" />
        <i3dMapping id="unloadPosZ" node="0>0|7|7" />
        <i3dMapping id="unloadPosY" node="0>0|7|7|0" />
        <i3dMapping id="airRedFront" node="0>0|8|0|0|0" />
        <i3dMapping id="airRedCab" node="0>0|8|0|0|1" />
        <i3dMapping id="airRedConnector" node="0>0|8|0|0|2" />
        <i3dMapping id="airYellowFront" node="0>0|8|0|1|0" />
        <i3dMapping id="airYellowCab" node="0>0|8|0|1|1" />
        <i3dMapping id="airYellowConnector" node="0>0|8|0|1|2" />
        <i3dMapping id="electricFront" node="0>0|8|0|2|0" />
        <i3dMapping id="electricCab" node="0>0|8|0|2|1" />
        <i3dMapping id="electricConnector" node="0>0|8|0|2|3" />
        <i3dMapping id="hosesBack" node="0>0|8|1" />
        <i3dMapping id="airRedBack" node="0>0|8|1|0" />
        <i3dMapping id="airYellowBack" node="0>0|8|1|1" />
        <i3dMapping id="electricBack" node="0>0|8|1|2" />
        <i3dMapping id="backAttacher_vis" node="0>0|6|1" />
        <i3dMapping id="flatbed_vis" node="0>0|6|2" />
        <i3dMapping id="gridBack_vis" node="0>0|6|3" />
        <i3dMapping id="colPartBack" node="0>1|2" />
        </i3dMappings>
</vehicle>