﻿<?xml version="1.0" encoding="utf-8" standalone="no" ?>
<modDesc descVersion="46">
    <author>TopAce888</author>
    <version>1.3.0.0</version>
    <title>
        <en>Fliegl Flatbed Semitrailer</en>
        <de>Fliegl Flachbett Sattelauflieger</de>
    </title>
    <description>
        <en>
<![CDATA[Fliegl Flatbed Semitrailer
Price: 28.000€

This is an assembly of the Fliegl Timber Runner chassis and the DPW 210 flatbed with following changes:

-autoload for 34 round-, 30 squarebales and for 5 or 2 cotton bales
-support for big bale from the Hesston Baler
-color configuration for rims, trailer and flatbed
-selectable Fliegl decal (back)in white, red and black
-stanchions for roundbales
-new tires (Lizard, Trelleborg, Michelin)
-connectors for hoses in front and back
-trailer hitch back
-selectable steering axle

Due to the changes in V1.3.0.0 a re-configuration of all erlier bought trailers is necessary

Function:
First put the trailer into working position, the bales can now be collected. After collecting, bring the trailer back into transport position.

To unload via unloading mode, select unloading position and unload the bales. After unloading, bring the trailer back to transport position.

If the bales are unloaded onto the platform, they can then be moved manually.

Changelog
V1.3.0.0
-added new colors for rims, trailer and flatbed
-fixed color error on the modell
-fixed error on trailer hitch
-optimized dynamic hoses connectors
-added steering axle (selectable)
-fixed price error for autoload configuration
V1.2.0.0
-handling with loaded bales improved 
-fixed collision problems with square bales
-different position of tension bales for square and round bales
-added support for big bales from the Modhub Hesston baler
-added autoload as configuration
V1.1.0.0
-added autoload for cotton (round and square bales)
-adjustend position of the tension belts
-removed DynamicMountAttacher]]>
        </en>
        <de>
<![CDATA[Fliegl Flachbett Sattelauflieger
Preis: 28.000€

Dies ist ein Zusammenbau aus dem Chassis vom Fliegl Timber Runner und der Transportplattform des DPW 210 mit folgenden Änderungen:

-Autoload für 34 Rund-, 30 Quaderballen, sowie 5 oder 2 Baumwollballen
-die großen Ballen aus der Hesston Ballenpresse werden unterstützt
-Farbauswahl für Felgen, Sattelauflieger und Ladefläche
-Fliegl Logo (hinten) in weiß, rot und schwarz auswählbar
-Rungenaufbau für Rundballen
-neue Reifen (Lizard, Trelleborg, Michelin)
-Anschlüsse für Schläuche vorne und hinten
-Zugmaul hinten
-auswählbare Lenkachse

Aufgrund der Änderungen in V1.3 ist eine Neu-Konfiguration bereits früher gekaufter Anhänger nötig.

Arbeitsweise:
Zuerst den Hänger in die Arbeitsstellung bringen, die Ballen können nun eingesammelt werden. Nach dem Einsammeln den Hänger wieder in die Transportstellung bringen.

Zum Entladen über den Entlademodus den Entladeplatz wählen und die Ballen entladen. Nach dem Entladevorgang den Hänger wieder in die Transportstellung bringen.

Werden die Ballen auf die Plattform entladen, können diese dann auch manuell bewegt werden.

Changelog
V1.3.0.0
-Farbauswahl angepasst
-Farbfehler am Modell behoben
-Fehler bei der hinteren Anhängerkupplung behoben
-Überarbeitung der Anschlüsse für die Schläuche
-Lenkachse hinzugefügt (auswählbar)
-Schmutz zum hinteren Fliegl Logo hinzugefügt
-Preiskorrektur für Autoload-Option
V1.2.0.0
-Fahrverhalten mit beladenen Ballen verbessert
-Kollisionprobleme mit Quaderballen behoben
-unterschiedliche Position der Spanngurte für Quader- und Rundballen
-Unterstützung der großen Ballen aus der Modhub Hesston Ballenpresse hinzugefügt
-Autoload als Konfiguration hinzugefügt
V1.1.0.0
-Autoload für Baumwolle (Rund- und Quaderballen) hinzugefügt
-Position der Spanngurte angepastt
-DynamicMountAttacher entfernt]]>
        </de>

    </description>
    <iconFilename>icon_flieglFlatbed.png</iconFilename>
    <multiplayer supported="true" />

    <l10n>
        <text name="configuration_autoload"> <en>Autoload</en> <de>Autoload</de> </text> 
        <text name="configuration_decals"> <en>Decal (back)</en> <de>Logo (hinten)</de> </text>
        <text name="configuration_valueBales"> <en>Bales</en> <de>Ballen</de> </text>
        <text name="configuration_valueTimber"> <en>Timber</en> <de>Forst</de> </text>
        <text name="configuration_valueRed"> <en>Red</en> <de>Rot</de> </text>
        <text name="configuration_valueBlack"> <en>Black</en> <de>Schwarz</de> </text>
        <text name="configuration_valueSteeringAxle"> <en>Steering axle</en> <de>Lenkachse</de> </text>
    </l10n>

    <brandColors>
        <color name="METAL_GALVANIZED" value="0.482 0.523 0.573 0" />
        <color name="METAL_PAINTED_BLACK" value="0.027 0.025 0.027 0" />
        <color name="METAL_SILVER_SCRATCHY" value="0.883 0.883 0.883 0" />
        <color name="METAL_CHROME" value="0.974 0.974 0.974 0" />
		<color name="FLIEGL_GREEN3" value="0.4 0.6 0.02 0" />
    </brandColors>

    <vehicleTypes>
        <type name="flieglFlatbed" parent="baseTipper" filename="$dataS/scripts/vehicles/Vehicle.lua">
            <specialization name="baleLoader"/>
            <specialization name="ikChains" />
        </type>
    </vehicleTypes>

    <storeItems>
        <storeItem xmlFilename="flieglFlatbedRound.xml"/>
        <storeItem xmlFilename="flieglFlatbedSquare.xml"/>
        <storeItem xmlFilename="flieglFlatbedSquareBig.xml"/>
        <storeItem xmlFilename="flieglFlatbedCottonRound.xml"/>
        <storeItem xmlFilename="flieglFlatbedCottonSquare.xml"/>
    </storeItems>
</modDesc>
