﻿<?xml version="1.0" encoding="utf-8" standalone="no" ?>
<modDesc descVersion="46">
    <author>raulycristi1</author>
    <version>1.0.0.0</version>
    <title>
        <en>3 Point Tank Water/Milk</en>
        <de>3 Punkt Tank Wasser/Milch</de>
    </title>
	<description>
        <en>
<![CDATA[Homemade water and milk transporting tool with a 3-point hitch. 2000 liter capacity
Price: 1500 €
Capacity: 2000.]]>
        </en>
        <de>
<![CDATA[Selbstgebautes Wasser- und Milchtransportwerkzeug mit einer mit 3-Punkt-Kupplung. 2000 Liter Fassungsvermögen
Preis: 1500 €
Kapazität: 2000.]]>
        </de>
    </description>
    <iconFilename>icon.dds</iconFilename>
    <multiplayer supported="true"/>
    <storeItems>
        <storeItem rootNode="vehicle" xmlFilename="tankmilk.xml"/>
    </storeItems>
</modDesc>
