﻿<?xml version="1.0" encoding="utf-8" standalone="no" ?>
<vehicle type="waterTrailer">
    <annotation>Copyright (C) GIANTS Software GmbH, All Rights Reserved.</annotation>

    <storeData>
        <name>3 Point Tank</name>
        <name>3 Punkt Tank</name>
        <specs>
        <functions>
            <function>$l10n_function_tank</function>
        </functions>
        </specs>
        <image>store_tank.dds</image>
        <price>1500</price>
        <lifetime>600</lifetime>
        <rotation>0</rotation>
        <brand>LIZARD</brand>
        <category>animals</category>
        <shopHeight>2.5</shopHeight>
        <vertexBufferMemoryUsage>171392</vertexBufferMemoryUsage>
        <indexBufferMemoryUsage>32388</indexBufferMemoryUsage>
        <textureMemoryUsage>192</textureMemoryUsage>
        <instanceVertexBufferMemoryUsage>0</instanceVertexBufferMemoryUsage>
        <instanceIndexBufferMemoryUsage>0</instanceIndexBufferMemoryUsage>
    </storeData>

    <base>
        <typeDesc>$l10n_typeDesc_waterTrailer</typeDesc>
        <filename>tankmilk.i3d</filename>
        <size width="2.5" length="2" />
        <components>
            <component centerOfMass="0 0.5 -0.5"  solverIterationCount="10" mass="500"/>
        </components>
        <schemaOverlay attacherJointPosition="0 0">
            <default name="DEFAULT_IMPLEMENT"/>
            <selected name="DEFAULT_IMPLEMENT_SELECTED"/>
        </schemaOverlay>
    </base>

    <attachable>
        <inputAttacherJoints>
            <inputAttacherJoint node="attacherJoint" jointType="implement" topReferenceNode="topReferenceNode" lowerRotLimitScale="0 0 0" upperRotLimitScale="0 0 0" upperRotationOffset="0" lowerRotationOffset="0" needsLowering="false">
                <distanceToGround lower="0.5" upper="1.1" />
            </inputAttacherJoint>
        </inputAttacherJoints>
    </attachable>

    <fillUnit>
        <fillUnitConfigurations>
            <fillUnitConfiguration>
                <fillUnits>
                    <fillUnit unit="$l10n_unit_literShort" fillTypes="MILK WATER" capacity="100000" updateMass="false">
                        <exactFillRootNode node="exactFillRootNode" />
                    </fillUnit>
                </fillUnits>
            </fillUnitConfiguration>
        </fillUnitConfigurations>
    </fillUnit>

    <fillTriggerVehicle triggerNode="fillTrigger" fillUnitIndex="1" litersPerSecond="10000"/>

    <dischargeable>
        <dischargeNode node="dischargeNode" emptySpeed="10000" fillUnitIndex="1" canDischargeToGround="true">
            <info width="3" length="1" zOffset="0.5" />
            <trigger node="dischargeTrigger" />
        </dischargeNode>
        <dischargeable requiresTipOcclusionArea="false" />
    </dischargeable>

    <waterTrailer fillUnitIndex="1" fillLitersPerSecond="10000" fillNode="mainComponent">
        <sounds>
            <refill template="DEFAULT_REFUEL_SOUND" linkNode="0>" />
        </sounds>
    </waterTrailer>
	
    <dynamicallyLoadedParts>
        <dynamicallyLoadedPart node="0" linkNode="attacherBallLeft" filename="$data/vehicles/johnDeere/weightSetBall.i3d"/>
        <dynamicallyLoadedPart node="1" linkNode="attacherBallRight" filename="$data/vehicles/johnDeere/weightSetBall.i3d"/>
    </dynamicallyLoadedParts>
	
    <wearable wearDuration="480" workMultiplier="5" fieldMultiplier="2"/>
    <washable dirtDuration="90" washDuration="1" workMultiplier="2" fieldMultiplier="2"/>
    <i3dMappings>
        <i3dMapping id="mainComponent" node="0>" />
        <i3dMapping id="tank" node="0>" />
        <i3dMapping id="visual" node="0>0" />
        <i3dMapping id="decals" node="0>0|0" />
        <i3dMapping id="attacherJoint" node="0>1" />
        <i3dMapping id="topReferenceNode" node="0>2" />
        <i3dMapping id="fillUnit" node="0>3" />
        <i3dMapping id="exactFillRootNode" node="0>3|0" />
        <i3dMapping id="fillTrigger" node="0>3|1" />
        <i3dMapping id="dischargeNode" node="0>3|2" />
        <i3dMapping id="dischargeTrigger" node="0>3|3" />
        <i3dMapping id="attacherBallLeft" node="0>4" />
        <i3dMapping id="attacherBallRight" node="0>5" />
    </i3dMappings>
</vehicle>