<?xml version="1.0" encoding="utf-8" standalone="no" ?>
<vehicle type="Homemade cage">
    <annotation>Copyright (C) GIANTS Software GmbH, All Rights Reserved.</annotation>
    <storeData>
        <name>
			<en>Homemade cage</en>
			<de>Eigenbau Rahmen</de>
		</name>
        <specs>
        <functions>
            <function>$l10n_function_Loader</function>
        </functions>
        </specs>
        <image>store.dds</image>
        <price>2000</price>
        <lifetime>600</lifetime>
        <rotation>0</rotation>
        <brand>LIZARD</brand>
        <category>misc</category>
        <shopHeight>2.5</shopHeight>
        <vertexBufferMemoryUsage>25472</vertexBufferMemoryUsage>
        <indexBufferMemoryUsage>2568</indexBufferMemoryUsage>
        <textureMemoryUsage>349616</textureMemoryUsage>
        <instanceVertexBufferMemoryUsage>0</instanceVertexBufferMemoryUsage>
        <instanceIndexBufferMemoryUsage>0</instanceIndexBufferMemoryUsage>
    </storeData>

    <base>
        <typeDesc>$l10n_typeDesc_Loader</typeDesc>
		    <filename>Homemade_cage.i3d</filename>

        <size width="2" length="3" />
        <components>
            <component centerOfMass="0 0 -1" solverIterationCount="20" mass="350" />
        </components>
        <schemaOverlay attacherJointPosition="0 0">
            <default name="DEFAULT_IMPLEMENT"/>
            <selected name="DEFAULT_IMPLEMENT_SELECTED"/>
        </schemaOverlay>
    </base>

    <attachable>
        <inputAttacherJoints>
            <inputAttacherJoint node="attacherJoint" topReferenceNode="topReferenceNode" jointType="implement" isControllable="true" lowerRotLimitScale="0 0 0" upperRotLimitScale="0 0 0" lowerTransLimitScale="0 0 0" upperTransLimitScale="0 0 0">
                <distanceToGround lower="0.45" upper="1.2" />
            </inputAttacherJoint>
        </inputAttacherJoints>
        <support animationName="moveSupport" />
    </attachable>

    <attacherJointControl maxTiltAngle="10">
        <control controlFunction="controlAttacherJointHeight" controlAxis="AXIS_HYDRAULICATTACHER1" invertControlAxis="true" mouseSpeedFactor="0.3" iconName="IMPLEMENT_ATTACHER_TRANS" />
        <control controlFunction="controlAttacherJointTilt"   controlAxis="AXIS_HYDRAULICATTACHER2" invertControlAxis="true" mouseSpeedFactor="0.3" iconName="IMPLEMENT_ATTACHER_ROTX" />
        <sounds>
            <hydraulic template="DEFAULT_HYDRAULIC_SOUND" linkNode="0>" />
        </sounds>
    </attacherJointControl>


    <foliageBending>
        <bendingNode minX="-0.8" maxX="0.8" minZ="0" maxZ="-1.5" yOffset="0.6" />
    </foliageBending>
	<baseMaterial>
        <material name="Ketrec_mat" baseNode="vis">
            <shaderParameter name="colorMat0" value="PALADIN_RED"/>
        </material>
    </baseMaterial>

    <baseMaterialConfigurations price="200" useDefaultColors="true">
        <baseMaterialConfiguration color="PALADIN_RED"/>
        <material name="Ketrec_mat" shaderParameter="colorMat0" />
    </baseMaterialConfigurations>


    <wearable wearDuration="480" workMultiplier="5" fieldMultiplier="2"/>
    <washable dirtDuration="90" washDuration="1" workMultiplier="6" fieldMultiplier="2"/>
	    <tensionBelts>
        <tensionBeltsConfigurations>
            <tensionBeltsConfiguration>
                <tensionBelts linkNode="tensionBelts" jointNode="0>" width="0.075" maxEdgeLength="0.1" geometryBias="0.01" ratchetPosition="0.2" defaultOffset="0.1" defaultOffsetSide="0.1" defaultHeight="4" activationTrigger="beltActivationTrigger">
                    <tensionBelt startNode="tensionBeltStart1" endNode="tensionBeltEnd1" offsetLeft="0.2" />
                    <tensionBelt startNode="tensionBeltStart2" endNode="tensionBeltEnd2" />
                    <tensionBelt startNode="tensionBeltStart3" endNode="tensionBeltEnd3" />
                    <tensionBelt startNode="tensionBeltStart4" endNode="tensionBeltEnd4" offsetRight="0.2" />
                </tensionBelts>
            </tensionBeltsConfiguration>
        </tensionBeltsConfigurations>
    </tensionBelts>
<i3dMappings>
  <i3dMapping id="focoll" node="0>" />
  <i3dMapping id="toolName_vis" node="0>0" />
  <i3dMapping id="attachable" node="0>0|0" />
  <i3dMapping id="attacherJoint" node="0>0|0|0" />
  <i3dMapping id="topReferenceNode" node="0>0|0|1" />
  <i3dMapping id="ai" node="0>0|1" />
  <i3dMapping id="aiCollisionTrigger" node="0>0|1|0" />
  <i3dMapping id="visuals" node="0>0|2" />
  <i3dMapping id="vis" node="0>0|2|0" />
  <i3dMapping id="collisions" node="0>1" />
  <i3dMapping id="pCube39" node="0>1|0" />
  <i3dMapping id="pCube38" node="0>1|1" />
  <i3dMapping id="pCube40" node="0>1|2" />
  <i3dMapping id="tensionBelts" node="0>2" />
  <i3dMapping id="tensionBeltStart1" node="0>2|0" />
  <i3dMapping id="tensionBeltEnd1" node="0>2|0|0" />
  <i3dMapping id="tensionBeltStart2" node="0>2|1" />
  <i3dMapping id="tensionBeltEnd2" node="0>2|1|0" />
  <i3dMapping id="tensionBeltStart3" node="0>2|2" />
  <i3dMapping id="tensionBeltEnd3" node="0>2|2|0" />
  <i3dMapping id="tensionBeltStart4" node="0>2|3" />
  <i3dMapping id="tensionBeltEnd4" node="0>2|3|0" />
  <i3dMapping id="beltActivationTrigger" node="0>2|4" />
</i3dMappings>

</vehicle>
