﻿<?xml version="1.0" encoding="utf-8" standalone="no" ?>
<modDesc descVersion="44">
    <author>Tarczi007, FsBalintHUN</author>
    <version>1.0.0.0</version>
    <title>
        <en>Homemade cage</en>
		<de>Eigenbau Rahmen</de>
	</title>
    <description>
        <en><![CDATA[The loading plate is used to transport pallet, soil,  timber or other types of cargo. 
Its construction and design ensure ease of use.
Indispensable for any farm or company dealing with municipal, forestry or related services.
 Price: 2000€
 Working Width: 1.6 m]]>
        </en>
        <de><![CDATA[Die Transportbox wird für den Transport von Paletten, Ernte, Erde, Holz oder anderen Ladungen verwendet.
Die Konstruktion und das Design gewährleisten eine einfache Bedienung.
Unentbehrlich für landwirtschaftliche Betriebe oder Unternehmen, die sich mit kommunalen, forstwirtschaftlichen oder verwandten Dienstleistungen befassen.
 Preis: 2000€ 
 Arbeitsbreite: 1.6 m]]>
        </de>
    </description>
	<iconFilename>icon.dds</iconFilename>
	<multiplayer supported="true" />
    <storeItems>
        <storeItem rootNode="vehicle" xmlFilename="Homemade_cage.xml"/>
    </storeItems>
    <l10n>
        <text name="typeDesc_Loader">
            <en>Homemade cage</en>
            <de>Eigenbau Rahmen</de>
        </text>
        <text name="function_Loader">
            <en>The loading plate is used to transport pallet, soil, timber or other types of cargo.</en>
            <de>Der Transportbox wird für den Transport von Paletten, Ernte, Erde, Holz  oder anderen Ladungen verwendet.</de>
        </text>
    </l10n>
	<vehicleTypes>
        <type name="Homemade cage" className="Vehicle" filename="$dataS/scripts/vehicles/Vehicle.lua">
        <specialization name="attacherJoints" />
        <specialization name="animatedVehicle" />
        <specialization name="attacherJointControl" />
        <specialization name="attachable" />
        <specialization name="baseMaterial" />
        <specialization name="connectionHoses" />
        <specialization name="washable" />
        <specialization name="wearable" />
        <specialization name="mountable" />
        <specialization name="dynamicMountAttacher" />
        <specialization name="tensionBelts" />
        <specialization name="foliageBending" />
        </type>
    </vehicleTypes>
</modDesc>

