<?xml version="1.0" encoding="utf-8" standalone="no" ?>
<modDesc descVersion="47">
<version>1.0.0.0</version>
<author>derSchreiner</author>

    <title>
        <en>Collect Straw At Missions</en>
        <de>Strohsammeln Während Den Missionen</de>
    </title>

    <description>
        <en><![CDATA[Allows to collect straw of the contract fields with baler and forage wagon.]]></en>
        <de><![CDATA[Erlaubt das Einsammeln von Strow, für laufende Missionen, per Ballenpresse und Ladewagen.]]></de>
    </description>

    <multiplayer supported="true" />
    <iconFilename>modIcon.dds</iconFilename>
    <extraSourceFiles>
        <sourceFile filename="CollectStrawAtMissions.lua" />
    </extraSourceFiles>
</modDesc>
