﻿<?xml version="1.0" encoding="utf-8" standalone="no" ?>
<modDesc descVersion="46">
    <author>Fendtfan79/ LS Agrarservice</author>
    <version>1.0.0.0</version>
    <title>
        <en>Sugerbeetheap</en>
		<de>Ruebenmieten</de>
    </title>
    <description>
        <en>
<![CDATA[Sugerbeetheap 10x20m und 10x50m
This is a 20m and a 50m long Sugerbeetheap,
which can be covered for storage.]]>
        </en>
        <de>
<![CDATA[Ruebenmiete 10x20m und 10x50m
Hierbei handelt es sich um eine 20m und eine 50m
lange Rübenmiete, die zur lagerung abgedeckt
werden kann.]]>
        </de>
    </description>
    <iconFilename>icon_Ruebenmiete.dds</iconFilename>
    <multiplayer supported="true" />
    
    <storeItems>
        <storeItem xmlFilename="Ruebenmiete10x20m.xml"/>
        <storeItem xmlFilename="Ruebenmiete10x50m.xml"/>
    </storeItems>
	
	<brands>
        <brand name="LSAGRARSERVICE" title="LSAGRARSERVICE" image="brand_LSAgrarservice.dds"/>
	</brands>	
</modDesc>
