<?xml version="1.0" encoding="utf-8" standalone="no" ?>
<placeable>
    <storeData>
        <name>Sugerbeetheap 10x20m</name>
        <specs>
            <fillTypes>sugarBeet</fillTypes>
        </specs>
        <image>store_Ruebenmiete.png</image>
        <price>100</price>
        <dailyUpkeep>0</dailyUpkeep>
        <lifetime>1000</lifetime>
        <rotation>0</rotation>
        <brand>LSAGRARSERVICE</brand>
        <species>placeable</species>
        <category>silos</category>
        <vertexBufferMemoryUsage>87008</vertexBufferMemoryUsage>
        <indexBufferMemoryUsage>15912</indexBufferMemoryUsage>
        <textureMemoryUsage>6291720</textureMemoryUsage>
        <instanceVertexBufferMemoryUsage>0</instanceVertexBufferMemoryUsage>
        <instanceIndexBufferMemoryUsage>0</instanceIndexBufferMemoryUsage>
    </storeData>

    <placeableType>bunkerSiloPlaceable</placeableType>
    <filename>Ruebenmiete10x20m.i3d</filename>
    <placement testSizeX="11" testSizeZ="21" sizeX="11" sizeZ="21" useRandomYRotation="false" useManualYRotation="true" placementPositionSnapSize="1" />

    <bunkerSilos>
        <bunkerSilo acceptedFillTypes="sugarBeet" inputFillType="sugarBeet" outputFillType="sugarBeet" fermentingHours="0.001" distanceToCompactedFillLevel="1000000" openingLength="20" >
            <area startNode="1|0" widthNode="1|1" heightNode="1|2" />
            <interactionTrigger node="0" />
        </bunkerSilo>
    </bunkerSilos>
	
	<triggerMarkers>
        <triggerMarker node="2" />
    </triggerMarkers>

    <tipOcclusionUpdateArea sizeX="10" sizeZ="20" />
	
	<seasons>
        <maskAreas>
            <maskArea startNode="0|5" widthNode="0|5|0" heightNode="0|5|1" />
        </maskAreas>
    </seasons>

</placeable>
