﻿<!-- Add the Following to your modDesc.xml-->   
<!-- FR: Ajoutez ce qui suit à votre modDesc.xml -->
<!-- DE:Fügen Sie Ihrer modDesc.xml Folgendes hinzu-->
<!-- ES:Agregue lo siguiente a su modDesc.xml-->
<!-- IT:Aggiungi quanto segue al tuo modDesc.xml-->
<!-- PL:Dodaj następujące elementy do pliku modDesc.xml-->
<!-- CZ:Přidejte následující do svého modDesc.xml-->

<addCategory>  
<category name="xmlCategoryName" title="Ingame Title" type="2" imageFilename="category.dds"/>
</addCategory>
 
<!-- TYPES: 1=VEHICLE 2=TOOL 3=OBJECT 4=PLACEABLE--> 



<!-- Add additional categories within "<addCategory> </addCategory>".
FR: Ajoutez des catégories supplémentaires dans "<addCategory> </addCategory>"
DE: Weitere Kategorien in "<addCategory> </ addCategory>" hinzufügen
ES: Agregue categorías adicionales dentro de "<addCategory> </addCategory>"
IT: Aggiungi ulteriori categorie in "<addCategory> </addCategory>"
CZ Přidejte další kategorie do „<addCategory> </addCategory>“
PL: Dodaj dodatkowe kategorie w „<addCategory> </addCategory>”

eg:

<addCategory>  
    <category name="xmlCategoryName1" title="Ingame Title1" type="2" imageFilename="category1.dds"/>
    <category name="xmlCategoryName2" title="Ingame Title2" type="2" imageFilename="category2.dds"/>
    <category name="xmlCategoryName3" title="Ingame Title3" type="2" imageFilename="category3.dds"/>
    <category name="xmlCategoryName4" title="Ingame Title4" type="2" imageFilename="category4.dds"/>
</addCategory>  

-->