<?xml version="1.0" encoding="utf-8" standalone="no" ?>
<modDesc descVersion="41">
	<author>Ifko[nator]</author>
	<version>1.0.0.0</version>
	
	<title>
		<en>Auto turn off turn lights</en>
		<de>Blinker automatich abschalten</de>
	</title>
	
	<description>
		<en>Specialization to auto turn off the turn lights after turning.</en>
		<de>Spezialisierung damit die Blinker nach dem Abbiegen automatisch abgeschalten werden.</de>
	</description>
	
	<iconFilename>store.dds</iconFilename>
	<multiplayer supported="true"/>
	
	<extraSourceFiles>
		<sourceFile filename="AutoTurnOffTurnLights.lua"/>
	</extraSourceFiles>    
</modDesc>