<?xml version="1.0" encoding="utf-8" standalone="no" ?>
<placeable>
    <storeData>
        <name>
			<en>Potatoheap 10x20m</en>
			<de>Kartoffelmiete 10x20m</de>
		</name>
        <specs>
            <fillTypes>potato</fillTypes>
        </specs>
        <image>store_Kartoffelmiete.png</image>
        <price>20</price>
        <dailyUpkeep>0</dailyUpkeep>
        <lifetime>1000</lifetime>
        <rotation>0</rotation>
        <brand>LSAGRARSERVICE</brand>
        <species>placeable</species>
        <category>silos</category>
        <vertexBufferMemoryUsage>87008</vertexBufferMemoryUsage>
        <indexBufferMemoryUsage>15912</indexBufferMemoryUsage>
        <textureMemoryUsage>6291720</textureMemoryUsage>
        <instanceVertexBufferMemoryUsage>0</instanceVertexBufferMemoryUsage>
        <instanceIndexBufferMemoryUsage>0</instanceIndexBufferMemoryUsage>
    </storeData>

    <placeableType>bunkerSiloPlaceable</placeableType>
    <filename>Kartoffelmiete10x20m.i3d</filename>
    <placement testSizeX="11" testSizeZ="21" sizeX="11" sizeZ="21" useRandomYRotation="false" useManualYRotation="true" placementPositionSnapSize="1" placementRotationSnapAngle="90"/>

    <bunkerSilos>
        <bunkerSilo acceptedFillTypes="potato" inputFillType="potato" outputFillType="potato" fermentingHours="0.001" distanceToCompactedFillLevel="1000000" openingLength="20" >
            <area startNode="1|0" widthNode="1|1" heightNode="1|2" />
            <interactionTrigger node="0" />
        </bunkerSilo>
    </bunkerSilos>

    <tipOcclusionUpdateArea sizeX="10" sizeZ="20" />
	
	<triggerMarkers>
        <triggerMarker node="2" />
    </triggerMarkers>
	
	<seasons>
        <maskAreas>
            <maskArea startNode="0|5" widthNode="0|5|0" heightNode="0|5|1" />
        </maskAreas>
    </seasons>

</placeable>
