﻿<?xml version="1.0" encoding="utf-8" standalone="no" ?>
<modDesc descVersion="46">
    <author>Fendtfan79/ LS Agrarservice</author>
    <version>1.0.0.0</version>
    <title>
        <en>Potatoheap</en>
		<de>Kartoffelmieten</de>
    </title>
    <description>
        <en>
<![CDATA[Potatoheap 10x20m und 10x50m
This is a 20m and a 50m long Potatoheap,
which can be covered for storage.]]>
        </en>
        <de>
<![CDATA[Kartoffelmiete 10x20m, 10x50m, 10x20m mit Strohballen
Hierbei handelt es sich um eine 20m und eine 50m
lange Kartoffelmiete, die zur lagerung abgedeckt
werden kann.]]>
        </de>
    </description>
    <iconFilename>icon_Kartoffelmiete.dds</iconFilename>
    <multiplayer supported="true" />
    
    <storeItems>
        <storeItem xmlFilename="Kartoffelmiete10x20m.xml"/>
        <storeItem xmlFilename="Kartoffelmiete10x50m.xml"/>
        <storeItem xmlFilename="Kartoffelmiete10x20m_straw.xml"/>
    </storeItems>
	
	<brands>
        <brand name="LSAGRARSERVICE" title="LSAGRARSERVICE" image="brand_LSAgrarservice.dds"/>
	</brands>	
</modDesc>
