﻿<?xml version="1.0" encoding="utf-8" standalone="no" ?>
<modDesc descVersion="41">
	<author>Ifko[nator] - lsfarming-mods.de -</author>
    
	<title>
		<en>Automatic unload for bale wrappers.</en>
		<de>Automatisches Abladen für Ballenwickler.</de>
	</title>
    
	<description>
		<en><![CDATA[specialization to switch between automatic and manuell unload for the balewrapper.]]></en>
		<de><![CDATA[Spezialisierung damit man zwischen manuellen und automatischen Abladen eines Ballenwicklers hin und her schalten kann.]]></de>
	</description>
	
	<multiplayer supported="true"/>   
	<iconFilename>store.dds</iconFilename>
	<version>1.0.0.0</version>
	
	<extraSourceFiles>
        <sourceFile filename="RegisterSpecialization.lua" />
		<sourceFile filename="l10nFix.lua" />
    </extraSourceFiles>
	
	<l10n>
		<text name="DROP_MODE_MANUALLY"><de>manuell</de><en>manually</en></text>
		<text name="DROP_MODE_AUTOMATIC"><de>automatisch</de><en>automatically</en></text>
		<text name="DROP_MODE_COLLECT"><de>sammeln</de><en>collect</en></text>
		<text name="START_BALE_WRAPPER"><de>Ballenwickler anschalten</de><en>toggle bale wrapper on</en></text>
		<text name="STOP_BALE_WRAPPER"><de>Ballenwickler ausschalten</de><en>toggle bale wrapper off</en></text>
		<text name="CURRENT_DROP_MODE"><de>Ablegemodus vom Wickler: [currentDropMode]</de><en>current drop Mode: [currentDropMode]</en></text>
		<text name="input_CHANGE_DROP_MODE_BUTTON"><de>Ablegemodus vom Wickler durschalten</de><en>change drope mode from the wrapper</en></text>
		<text name="input_TOGGLE_BALE_WRAPPER_BUTTON"><de>Ballenwickler an-/abschalten</de><en>toggle bale wrpper on/off</en></text>
	</l10n>
	
	<actions>
		<action name="CHANGE_DROP_MODE_BUTTON" category="VEHICLE" ignoreComboMask="false"/>
		<action name="TOGGLE_BALE_WRAPPER_BUTTON" category="VEHICLE" ignoreComboMask="false"/>
	</actions>
	
	<inputBinding>
		<actionBinding action="CHANGE_DROP_MODE_BUTTON">
			<binding device="KB_MOUSE_DEFAULT" input="KEY_z" axisComponent="+" neutralInput="0" index="1"/>
			<binding device="0_XINPUT_GAMEPAD" input="BUTTON_5 BUTTON_18" axisComponent="+" neutralInput="0" index="1"/>
		</actionBinding>
		
		<actionBinding action="TOGGLE_BALE_WRAPPER_BUTTON">
			<binding device="KB_MOUSE_DEFAULT" input="KEY_lctrl KEY_lalt" axisComponent="+" neutralInput="0" index="1"/>
			<binding device="0_XINPUT_GAMEPAD" input="BUTTON_5 BUTTON_19" axisComponent="+" neutralInput="0" index="1"/>
		</actionBinding>
	</inputBinding>
	
	<registerSpecializations>
		<registerSpecialization name="automaticUnloadForBaleWrapper" className="AutomaticUnloadForBaleWrapper" filename="AutomaticUnloadForBaleWrapper.lua" searchedSpecialization="baleWrapper"/>
	</registerSpecializations>
</modDesc>