﻿<?xml version="1.0" encoding="utf-8" standalone="no" ?>
<placeable>
    <storeData>
        <name>
            <en>Kiwi Farm 4x Grain Silo by Cazz64</en></name>
        <functions>
            <function>$l10n_function_farmSilo</function>
        </functions>
        <specs>
            <capacity>30000000</capacity>
            <fillTypes>wheat barley chaff grass_windrow dryGrass_windrow maize manure potato canola silage forage forage_mixing straw sugarBeet sugarCane woodChips seeds sunflower fertilizer soybean pigFood poplar lime oat cotton rye onion carrot millet hops tobacco cabbage redCabbage spelt clover clover_windrow lettuce poppy hemp compost</fillTypes>
        </specs>
        <image>store_farmSiloLarge.png</image>
        <price>80000</price>
        <dailyUpkeep>25</dailyUpkeep>
        <lifetime>1000</lifetime>
        <rotation>0</rotation>
        <brand>LIZARD</brand>
        <species>placeable</species>
        <category>silos</category>
        <vertexBufferMemoryUsage>261300</vertexBufferMemoryUsage>
        <indexBufferMemoryUsage>44682</indexBufferMemoryUsage>
        <textureMemoryUsage>5680200</textureMemoryUsage>
        <instanceVertexBufferMemoryUsage>0</instanceVertexBufferMemoryUsage>
        <instanceIndexBufferMemoryUsage>0</instanceIndexBufferMemoryUsage>
    </storeData>
    <placeableType>silo</placeableType>
    <filename>farmSiloLarge.i3d</filename>
    <placement testSizeX="30" testSizeZ="30" sizeX="30" sizeZ="30" useRandomYRotation="false" useManualYRotation="true"/>
    <loadingStation stationName="$l10n_station_farmSilo" appearsOnPDA="false" storageRadius="50" fillSoundIdentifier="fillSound01">
        <loadTrigger triggerNode="0|1|0|0|0" fillLitersPerSecond="2000" dischargeNode="0|1|0|0|1">
            <effectNode effectClass="PipeEffect" effectNode="0|1|0|0|2|0" materialType="pipe" materialTypeId="1" fadeTime="0.5" maxBending="0" controlPoint="3.25 0 0 0"/>
            <effectNode effectNode="0|1|0|0|2|1" materialType="smoke" materialTypeId="1" fadeTime="0.5"/>
        </loadTrigger>
    </loadingStation>
    <unloadingStation stationName="$l10n_station_farmSilo" appearsOnPDA="false" storageRadius="50">
        <unloadTrigger exactFillRootNode="0|0|0|0|0"/>
    </unloadingStation>
    <storages>
        <storage node="0|2" fillTypes="wheat barley chaff grass_windrow dryGrass_windrow maize manure potato canola silage forage forage_mixing straw sugarBeet sugarCane woodChips seeds sunflower fertilizer soybean pigFood poplar lime oat cotton rye onion carrot millet hops tobacco cabbage redCabbage spelt clover clover_windrow lettuce poppy hemp compost" capacityPerFillType="30000000"/>
    </storages>
    <clearAreas>
        <clearArea startNode="3|0" widthNode="3|0|0" heightNode="3|0|1"/>
    </clearAreas>
    <hotspots>
        <hotspot name="Farm silo" fullName="$l10n_station_farmSilo" imageName="SELLING_POINT" hidable="true" linkNode="0|3" category="CATEGORY_TRIGGERS"/>
    </hotspots>
    <leveling requireLeveling="true" maxSmoothDistance="5" maxSlope="30" maxEdgeAngle="20">
        <levelAreas>
            <levelArea startNode="3|0" widthNode="3|0|0" heightNode="3|0|1" groundType="asphalt"/>
        </levelAreas>
    </leveling>
    <tipOcclusionUpdateArea sizeX="30" sizeZ="30"/>
</placeable>
