﻿<items>
    
    <item className="SiloPlaceable" id="13" modName="FS19_LargeGrainSilo" filename="$moddir$FS19_LargeGrainSilo/farmSiloLarge.xml" position="-295.1200 110.9222 454.7413" rotation="0.0000 -46.8987 0.0000" age="0" price="800.000000" farmId="1">
        <storage index="1" farmId="1">
            <node fillType="WHEAT" fillLevel="2500000"/>
            <node fillType="BARLEY" fillLevel="2500000"/>
            <node fillType="MAIZE" fillLevel="2500000"/>
            <node fillType="OAT" fillLevel="2500000"/>
            <node fillType="CANOLA" fillLevel="2500000"/>
            <node fillType="SUNFLOWER" fillLevel="2500000"/>
            <node fillType="SOYBEAN" fillLevel="2500000"/>
            <node fillType="SUGARCANE" fillLevel="2500000"/>
            <node fillType="SUGARBEET" fillLevel="2500000"/>
            <node fillType="POTATO" fillLevel="2500000"/>
            <node fillType="FORAGE" fillLevel="2500000"/>
            <node fillType="PIGFOOD" fillLevel="2500000"/>
            <node fillType="SILAGE" fillLevel="2500000"/>
            <node fillType="STRAW" fillLevel="2500000"/>
            <node fillType="CHAFF" fillLevel="2500000"/>
            <node fillType="GRASS_WINDROW" fillLevel="2500000"/>
            <node fillType="DRYGRASS_WINDROW" fillLevel="2500000"/>
            <node fillType="WOODCHIPS" fillLevel="2500000"/>
            <node fillType="SEEDS" fillLevel="2500000"/>
            <node fillType="FERTILIZER" fillLevel="2500000"/>
            <node fillType="LIME" fillLevel="2500000"/>
        </storage>
    </item>
</items>
