﻿<?xml version="1.0" encoding="utf-8" standalone="no" ?>
<modDesc descVersion="40">
    <author>Cazz64</author>
    <version>1.0.0.0</version>
    <iconFilename>brand_lizard.dds</iconFilename>
    <storeItems>
        <storeItem rootNode="placeable" xmlFilename="farmSiloLarge.xml"/>
    </storeItems>
    <title>
        <en>Farm Silo with all fruit </en>
    </title>
    <description>
        <en>Farm silo all Fill types with large capacity</en>
    </description>
	<multiplayer supported="true"/>
</modDesc>
