﻿<?xml version="1.0" encoding="utf-8" standalone="no"?>
<vehicle type="cutter">
    <annotation>Copyright (C) GIANTS Software GmbH, All Rights Reserved.</annotation>
	
    <storeData>
        <name>
            <en>600FDR</en></name>
        <specs>
            <workingWidth>6.0</workingWidth>
            <combination>FR 780</combination>
        </specs>
        <functions>
            <function>$l10n_function_cutterForage</function>
        </functions>
        <image>store/store_fdr600.png</image>
        <price>38000</price>
        <lifetime>600</lifetime>
        <rotation>0</rotation>
        <brand>NEWHOLLAND</brand>
        <category>forageHarvesterCutters</category>
        <shopTranslationOffset>0 -0.025 0</shopTranslationOffset>
        <shopRotationOffset>0 0 0</shopRotationOffset>
        <vertexBufferMemoryUsage>389600</vertexBufferMemoryUsage>
        <indexBufferMemoryUsage>54132</indexBufferMemoryUsage>
        <textureMemoryUsage>6488264</textureMemoryUsage>
        <instanceVertexBufferMemoryUsage>0</instanceVertexBufferMemoryUsage>
        <instanceIndexBufferMemoryUsage>0</instanceIndexBufferMemoryUsage>
    </storeData>
	
    <base>
        <typeDesc>$l10n_typeDesc_cutter</typeDesc>
        <filename>i3d/fdr600.i3d</filename>
        <size width="6.5" length="2.5"/>
        <speedLimit value="15"/>
        <components>
            <component centerOfMass="0 0.2 0" mass="2900"/>
        </components>
        <schemaOverlay attacherJointPosition="0 0">
            <default name="DEFAULT_IMPLEMENT"/>
            <selected name="DEFAULT_IMPLEMENT_SELECTED"/>
        </schemaOverlay>
    </base>
	
    <attachable>
        <inputAttacherJoints>
            <inputAttacherJoint node="attacherJoint" jointType="cutterHarvester" forceSelectionOnAttach="false">
                <heightNode node="groundReferenceNode"/>
                <distanceToGround lower="0.2" upper="1.8"/>
            </inputAttacherJoint>
        </inputAttacherJoints>
    </attachable>
	
    <powerTakeOffs>
        <input inputNode="pto" detachNode="ptoDetachNode" inputAttacherJointIndices="1" aboveAttacher="true" ptoName="LEFT_PTO"/>
    </powerTakeOffs>
	
    <powerConsumer ptoRpm="540" neededMaxPtoPower="100"/>
	
    <groundReferenceNodes>
        <groundReferenceNode node="groundReferenceNode" threshold="0.3"/>
    </groundReferenceNodes>
	
    <workAreas>
        <workArea type="cutter" functionName="processCutterArea" disableBackwards="true">
            <area startNode="workAreaStart" widthNode="workAreaWidth" heightNode="workAreaHeight"/>
            <groundReferenceNode index="1"/>
        </workArea>
    </workAreas>
	
    <cutter allowsForageGrowthState="true" fruitTypeCategories="directCutter" fruitTypeConverter="forageHarvester">
	    <fillEffect>
            <effectNode effectClass="ParticleEffect" effectNode="emitterSmoke" particleType="SMOKE" useCuttingWidth="false" emitCountScale="1"/>
        </fillEffect>
		<animationNodes>
            <animationNode node="drum" rotAxis="1" rotSpeed="800" turnOnFadeTime="2.5" turnOffFadeTime="4"/>
            <animationNode node="rotor000" rotAxis="2" rotSpeed="2000" turnOnFadeTime="2.5" turnOffFadeTime="4"/>
            <animationNode node="rotor00" rotAxis="2" rotSpeed="-2000" turnOnFadeTime="2.5" turnOffFadeTime="4"/>
            <animationNode node="rotor0" rotAxis="2" rotSpeed="2000" turnOnFadeTime="2.5" turnOffFadeTime="4"/>
            <animationNode node="rotor1" rotAxis="2" rotSpeed="-2000" turnOnFadeTime="2.5" turnOffFadeTime="4"/>
            <animationNode node="rotor2" rotAxis="2" rotSpeed="2000" turnOnFadeTime="2.5" turnOffFadeTime="4"/>
            <animationNode node="rotor3" rotAxis="2" rotSpeed="-2000" turnOnFadeTime="2.5" turnOffFadeTime="4"/>
            <animationNode node="rotor4" rotAxis="2" rotSpeed="2000" turnOnFadeTime="2.5" turnOffFadeTime="4"/>
            <animationNode node="rotor5" rotAxis="2" rotSpeed="-2000" turnOnFadeTime="2.5" turnOffFadeTime="4"/>
            <animationNode node="rotor6" rotAxis="2" rotSpeed="2000" turnOnFadeTime="2.5" turnOffFadeTime="4"/>
            <animationNode node="rotor7" rotAxis="2" rotSpeed="-2000" turnOnFadeTime="2.5" turnOffFadeTime="4"/>
            <animationNode node="rotor8" rotAxis="2" rotSpeed="2000" turnOnFadeTime="2.5" turnOffFadeTime="4"/>
            <animationNode node="rotor9" rotAxis="2" rotSpeed="-2000" turnOnFadeTime="2.5" turnOffFadeTime="4"/>
            <animationNode node="rotor10" rotAxis="2" rotSpeed="2000" turnOnFadeTime="2.5" turnOffFadeTime="4"/>
            <animationNode node="rotor11" rotAxis="2" rotSpeed="-2000" turnOnFadeTime="2.5" turnOffFadeTime="4"/>
        </animationNodes>
    </cutter>
	
    <foliageBending>
        <bendingNode minX="-3.10" maxX="3.10" minZ="-0.9" maxZ="0.9" yOffset="0.4"/>
    </foliageBending>
	
	<designConfigurations>
        <designConfiguration name="Design1" price="0">
			<objectChange node="Decals1" visibilityActive="true" />
			<objectChange node="Decals2" visibilityActive="false" />
			<objectChange node="Decals3" visibilityActive="false" />
			<objectChange node="Decals4" visibilityActive="false" />
			<objectChange node="Decals5" visibilityActive="false" />
			<objectChange node="Decals6" visibilityActive="false" />
			<objectChange node="Decals7" visibilityActive="false" />
		</designConfiguration>
		<designConfiguration name="Design2" price="1000">
			<objectChange node="Decals1" visibilityActive="false" />
			<objectChange node="Decals2" visibilityActive="true" />
			<objectChange node="Decals3" visibilityActive="false" />
			<objectChange node="Decals4" visibilityActive="false" />
			<objectChange node="Decals5" visibilityActive="false" />
			<objectChange node="Decals6" visibilityActive="false" />
			<objectChange node="Decals7" visibilityActive="false" />
		</designConfiguration>
	    <designConfiguration name="Design3" price="1000">
			<objectChange node="Decals1" visibilityActive="false" />
			<objectChange node="Decals2" visibilityActive="false" />
			<objectChange node="Decals3" visibilityActive="true" />
			<objectChange node="Decals4" visibilityActive="false" />
			<objectChange node="Decals5" visibilityActive="false" />
			<objectChange node="Decals6" visibilityActive="false" />
			<objectChange node="Decals7" visibilityActive="false" />
		</designConfiguration>
		<designConfiguration name="Design4" price="1000">
			<objectChange node="Decals1" visibilityActive="false" />
			<objectChange node="Decals2" visibilityActive="false" />
			<objectChange node="Decals3" visibilityActive="false" />
			<objectChange node="Decals4" visibilityActive="true" />
			<objectChange node="Decals5" visibilityActive="false" />
			<objectChange node="Decals6" visibilityActive="false" />
			<objectChange node="Decals7" visibilityActive="false" />
		</designConfiguration>
		<designConfiguration name="Design5" price="1000">
			<objectChange node="Decals1" visibilityActive="false" />
			<objectChange node="Decals2" visibilityActive="false" />
			<objectChange node="Decals3" visibilityActive="false" />
			<objectChange node="Decals4" visibilityActive="false" />
			<objectChange node="Decals5" visibilityActive="true" />
			<objectChange node="Decals6" visibilityActive="false" />
			<objectChange node="Decals7" visibilityActive="false" />
		</designConfiguration>
		<designConfiguration name="Design6" price="1000">
			<objectChange node="Decals1" visibilityActive="false" />
			<objectChange node="Decals2" visibilityActive="false" />
			<objectChange node="Decals3" visibilityActive="false" />
			<objectChange node="Decals4" visibilityActive="false" />
			<objectChange node="Decals5" visibilityActive="false" />
			<objectChange node="Decals6" visibilityActive="true" />
			<objectChange node="Decals7" visibilityActive="false" />
		</designConfiguration>
		<designConfiguration name="Design7" price="1000">
			<objectChange node="Decals1" visibilityActive="false" />
			<objectChange node="Decals2" visibilityActive="false" />
			<objectChange node="Decals3" visibilityActive="false" />
			<objectChange node="Decals4" visibilityActive="false" />
			<objectChange node="Decals5" visibilityActive="false" />
			<objectChange node="Decals6" visibilityActive="false" />
			<objectChange node="Decals7" visibilityActive="true" />
		</designConfiguration>
	</designConfigurations>	
	
    <turnOnVehicle turnedOnByAttacherVehicle="true" turnOffIfNotAllowed="true"/>
	
    <ai>
        <areaMarkers leftNode="aiLeftMarker" rightNode="aiRightMarker" backNode="aiMarkerBack"/>
        <collisionTrigger node="aiCollisionTrigger"/>
    </ai>
	
    <baseMaterial>
        <material name="fdr600_mat" baseNode="fdr600_vis">
            <shaderParameter name="colorMat0" value="NEWHOLLAND_YELLOW1"/>
        </material>
    </baseMaterial>
	
	<baseMaterialConfigurations price="1500" useDefaultColors="false" >
        <baseMaterialConfiguration name="Gelb" 			                color="NEWHOLLAND_YELLOW1"/>
		<baseMaterialConfiguration name="Gelb Matt" 			        color="NEWHOLLAND_YELLOW1" material="1" />
		<baseMaterialConfiguration name="Blau" 			                color="NEWHOLLAND_BLUE1"/>
		<baseMaterialConfiguration name="Blau Matt" 			        color="NEWHOLLAND_BLUE1" material="1"/>
		<baseMaterialConfiguration name="Orange" 			            color="JCB_YELLOW1"/>
		<baseMaterialConfiguration name="Orange Matt" 			        color="JCB_YELLOW1" material="1" />
		<baseMaterialConfiguration name="Rot" 			                color="0.3663 0.0395 0.0395 1"/>
		<baseMaterialConfiguration name="Rot Matt" 			            color="0.3663 0.0395 0.0395 1" material="1" />
		<baseMaterialConfiguration name="Grün" 			                color="JOHNDEERE_GREEN1"/>
		<baseMaterialConfiguration name="Grün Matt" 			        color="JOHNDEERE_GREEN1" material="1" />
		<baseMaterialConfiguration name="Bundeswehr Grün" 			    color="0.084 0.117 0.079"/>
		<baseMaterialConfiguration name="Bundeswehr Grün Matt" 			color="0.084 0.117 0.079" material="1"/>
		<baseMaterialConfiguration name="Grau" 			                color="MANITOU_GREY"/>
		<baseMaterialConfiguration name="Grau Matt" 			        color="MANITOU_GREY" material="1"/>
		<baseMaterialConfiguration name="Dunkelgrau" 			        color="0.05 0.05 0.05 4"/>
		<baseMaterialConfiguration name="Dunkelgrau Matt" 			    color="0.05 0.05 0.05 4" material="1"/>
		<baseMaterialConfiguration name="Schwarz" 			            color="0 0 0 0"/>
		<baseMaterialConfiguration name="Schwarz Matt" 			        color="0 0 0 0" material="1" />
		<baseMaterialConfiguration name="Weiß" 			                color="1 1 1 1"/>
		<baseMaterialConfiguration name="Weiß Matt" 			        color="1 1 1 1" material="1"/>
		<material name="fdr600_mat" shaderParameter="colorMat0" />
    </baseMaterialConfigurations>
	
    <wearable wearDuration="480" workMultiplier="5" fieldMultiplier="2"/>
    <washable dirtDuration="90" washDuration="1" workMultiplier="4" fieldMultiplier="2"/>
	
    <i3dMappings>
        <i3dMapping id="fdr600_main_component1" node="0>"/>
        <i3dMapping id="fdr600_vis" node="0>0"/>
        <i3dMapping id="attacherJoint" node="0>0|0|0"/>
        <i3dMapping id="pto" node="0>0|0|1"/>
        <i3dMapping id="ptoDetachNode" node="0>0|0|2"/>
        <i3dMapping id="rotor000" node="0>0|1|0"/>
        <i3dMapping id="rotor00" node="0>0|1|1"/>
        <i3dMapping id="rotor0" node="0>0|1|2"/>
        <i3dMapping id="rotor1" node="0>0|1|3"/>
        <i3dMapping id="rotor2" node="0>0|1|4"/>
        <i3dMapping id="rotor3" node="0>0|1|5"/>
        <i3dMapping id="rotor4" node="0>0|1|6"/>
        <i3dMapping id="rotor5" node="0>0|1|7"/>
        <i3dMapping id="rotor6" node="0>0|1|8"/>
        <i3dMapping id="rotor7" node="0>0|1|9"/>
        <i3dMapping id="rotor8" node="0>0|1|10"/>
        <i3dMapping id="rotor9" node="0>0|1|11"/>
        <i3dMapping id="rotor10" node="0>0|1|12"/>
        <i3dMapping id="rotor11" node="0>0|1|13"/>
        <i3dMapping id="drum" node="0>0|1|14"/>
        <i3dMapping id="workAreaStart" node="0>0|2|0"/>
        <i3dMapping id="workAreaWidth" node="0>0|2|1"/>
        <i3dMapping id="workAreaHeight" node="0>0|2|2"/>
        <i3dMapping id="groundReferenceNode" node="0>0|2|3"/>
        <i3dMapping id="emitterSmoke" node="0>0|3|0"/>
        <i3dMapping id="aiLeftMarker" node="0>0|4|0|0"/>
        <i3dMapping id="aiRightMarker" node="0>0|4|0|1"/>
        <i3dMapping id="aiMarkerBack" node="0>0|4|0|2"/>
        <i3dMapping id="aiCollisionTrigger" node="0>0|4|1"/>
		<i3dMapping id="Decals1" node="0>0|5|1|0"/>
		<i3dMapping id="Decals2" node="0>0|5|1|1"/>
		<i3dMapping id="Decals3" node="0>0|5|1|2"/>
		<i3dMapping id="Decals4" node="0>0|5|1|3"/>
		<i3dMapping id="Decals5" node="0>0|5|1|4"/>
		<i3dMapping id="Decals6" node="0>0|5|1|5"/>
		<i3dMapping id="Decals7" node="0>0|5|1|6"/>
    </i3dMappings>
</vehicle>
