<?xml version="1.0" encoding="utf-8" standalone="no" ?>
<modDesc descVersion="43">
    <author>modelleicher (LS-Modcompany)</author>
    <version>1.0.0.0</version>
	
    <title>
        <de>Pendelachs-Sperre Entfernung</de>
		<en>Frontloader Axle Lock Remover</en>
    </title>
	
    <description>
        <de>
<![CDATA[Dieser Mod entfernt die Sperre der Pendelachse wenn ein Frontlader angehängt ist. Mit diesem Mod bleiben Pendelachsen pendelnd auch wenn ein Frontlader angehängt ist.]]>
        </de>
	<en>
<![CDATA[This mod removes the lock for the front axle joint when a frontloader is attached, that way the front axle can still swing/adjust to the ground even with frontloader attached.]]>
	</en>
    </description>

	<iconFilename>store.dds</iconFilename>

    <multiplayer supported="true"/>
	
    <extraSourceFiles>
        <sourceFile filename="registerFrontloaderAxleLockRemover.lua"/>
    </extraSourceFiles>
	

</modDesc>