<?xml version="1.0" encoding="utf-8" standalone="no" ?>
<placeable>
    <storeData>
        <name>
            <en>Container</en>
            <de>Behälter</de>
            <fr>Conteneur</fr>
        </name>
        <image>Store/Store.png</image>
        <price>1000</price>
        <dailyUpkeep>1</dailyUpkeep>
        <canBeSold>true</canBeSold>
        <showInStore>true</showInStore>
        <lifetime>1000</lifetime>
        <rotation>0</rotation>
        <brand>LIZARD</brand>
        <species>placeable</species>
        <category>placeableMisc</category>
        <vertexBufferMemoryUsage>200216</vertexBufferMemoryUsage>
        <indexBufferMemoryUsage>28344</indexBufferMemoryUsage>
        <textureMemoryUsage>17441472</textureMemoryUsage>
        <instanceVertexBufferMemoryUsage>0</instanceVertexBufferMemoryUsage>
        <instanceIndexBufferMemoryUsage>0</instanceIndexBufferMemoryUsage>
    </storeData>

    <placeableType>placeable</placeableType>
    <filename>Filename/Container.i3d</filename>
    <placement testSizeX="4" testSizeZ="9" sizeX="4" sizeZ="9" useRandomYRotation="false" useManualYRotation="true" />

    <clearAreas>
        <clearArea startNode="1|0" widthNode="1|0|0" heightNode="1|0|1"/>
    </clearAreas>
	
	 <seasons>
        <maskAreas>
            <maskArea startNode="4|0" widthNode="4|0|0" heightNode="4|0|1" />
        </maskAreas>
		
        <admirers>
            <snowAdmirer node="4|1|0" minimumLevel="1"/>
        </admirers>
    </seasons>

    <animatedObjects>
<!--Doors-->
	        <animatedObject saveId="Doors" >
            <animation duration="3">
                <part node="2|1">
                    <keyFrame time="0" 		rotation="0 0 0" />
                    <keyFrame time="1" 	 	rotation="0 270 0" />   
                </part>
                <part node="2|2">
                    <keyFrame time="0.2" 	rotation="0 0 0" />
                    <keyFrame time="1" 	 	rotation="0 -270 0" />
                </part>
            </animation>
            <controls triggerNode="2|0" posAction="ACTIVATE_HANDTOOL" posText="action_openGate" negText="action_closeGate" />
             <sounds>
                <moving file="$data/sounds/prefab/gate/gate_loop.wav" loops="0"  volume="0.6" radius="25" innerRadius="3" fadeOut="0.25"/>
                <posEnd file="$data/sounds/prefab/gate/gate_opened.wav"          volume="0.6" radius="25" innerRadius="3" />
                <negEnd file="$data/sounds/prefab/gate/gate_closed.wav"          volume="0.6" radius="25" innerRadius="3" />
            </sounds>
        </animatedObject>
<!-- Lights -->
        <animatedObject saveId="Lights" >
            <animation duration="1">
                <part node="3|1|0|0|0">
                    <keyFrame time="0" visibility="false" />
                    <keyFrame time="0.4" visibility="true" />
                </part>
                <part node="3|2|0">
                    <keyFrame time="0" visibility="false" />
                    <keyFrame time="0.1" visibility="true" />
                </part>
                <part node="3|1|0|0|1">
                    <keyFrame time="0" visibility="false" />
                    <keyFrame time="0.4" visibility="true" />
                </part>
                <part node="3|2|1">
                    <keyFrame time="0" visibility="false" />
                    <keyFrame time="0.1" visibility="true" />
                </part>
            </animation>	
                 <controls triggerNode="3|0" posAction="ACTIVATE_HANDTOOL" posText="action_lightOn" negText="action_lightOut" />
        </animatedObject>
    </animatedObjects>
	
    <leveling requireLeveling="true" maxSmoothDistance="4" maxSlope="30" maxEdgeAngle="30" >
        <levelAreas>
            <levelArea startNode="5|0" widthNode="5|0|0" heightNode="5|0|1" groundType="grass"/>
        </levelAreas>
    </leveling>
	
</placeable>
