<?xml version="1.0" encoding="utf-8" standalone="no" ?>
<GUI>  
    <GuiElement type="image" id="gui_mainScreen" template="gcGlobalMarket">
        <GuiElement type="image" template="gcGlobalMarketBackground">
            <GuiElement type="text" template="gcGlobalMarketTextHeader" text="$l10n_GC_globalMarket_header" />    
            <GuiElement type="text" template="gcGlobalMarketTextInfo" text = "$l10n_GC_globalMarket_headerInfo" /> 
            
            
            <GuiElement type="flowLayout" template="gcGlobalMarketLayout">
                <GuiElement type="flowLayout" template="gcGlobalMarketButtonsLeftLayout">
                    <GuiElement type="button" template="gcGlobalMarketButtonsLeft" id="gui_btn_tab_storage" onClick="onClickTabStorage">
                        <GuiElement type="image" template="gcGlobalMarketButtonsLeftImg1" />
                    </GuiElement>
                    <GuiElement type="button" template="gcGlobalMarketButtonsLeft" id="gui_btn_tab_buy" onClick="onClickTabBuy" >
                        <GuiElement type="image" template="gcGlobalMarketButtonsLeftImg2" />
                    </GuiElement>
                </GuiElement>
            </GuiElement>

                      
            <GuiElement type="empty" id="gui_tab_storage">               
                <GuiElement type="flowLayout" template="gcGlobalMarketRightLayout">         
                    <GuiElement type="flowLayout" template="gcGlobalMarketFilterLayout">
                        <GuiElement type="tableSort" template="gcGlobalMarketTableHeader" tableSortSize="300px 35px" id="gui_tableSort" text="$l10n_GC_globalMarket_tbl_header_filltype" onClick="onClickChangeSortDirectionFillType" />
                        <GuiElement type="tableSort" template="gcGlobalMarketTableHeader" tableSortSize="300px 35px" id="gui_tableSort" text="$l10n_GC_globalMarket_tbl_header_level" onClick="onClickChangeSortDirectionLevel" />
                        <GuiElement type="tableSort" template="gcGlobalMarketTableHeader" tableSortSize="300px 35px" id="gui_tableSort" text="$l10n_GC_globalMarket_tbl_header_price" onClick="onClickChangeSortDirectionPrice" />
                    </GuiElement>
                    <GuiElement type="table" template="gcGlobalMarketTableLayout" id="gui_table_storage">
                        <GuiElement type="button" template="gcGlobalMarketLayoutButton" onClick="onClickStorageItem" isTableTemplate="true">		
                            <GuiElement type="text" template="gcGlobalMarketTableLayoutText" position="20px 0px0" onCreate="onCreateCol1" />				
                            <GuiElement type="text" template="gcGlobalMarketTableLayoutText" position="320px 0px" onCreate="onCreateCol2" />
                            <GuiElement type="image" template="gcGlobalMarketButtonsPriceIconNormal" position="620px 0px" onCreate="onCreatePriceIcon1" />	
                            <GuiElement type="text" template="gcGlobalMarketTableLayoutText" position="660px 0px" onCreate="onCreateCol3" />	
                        </GuiElement>                        
                    </GuiElement>
                </GuiElement>
            </GuiElement>

            <GuiElement type="empty" id="gui_tab_buy">
                <GuiElement type="flowLayout" template="gcGlobalMarketRightLayout">         
                    <GuiElement type="flowLayout" template="gcGlobalMarketFilterLayout">
                        <GuiElement type="tableSort" template="gcGlobalMarketTableHeader" tableSortSize="300px 35px" id="gui_tableSort" text="$l10n_GC_globalMarket_tbl_header_filltype" onClick="onClickChangeSortDirectionFillType" />
                        <GuiElement type="tableSort" template="gcGlobalMarketTableHeader" tableSortSize="300px 35px" id="gui_tableSort" text="$l10n_GC_globalMarket_tbl_header_level" onClick="onClickChangeSortDirectionLevel" />
                        <GuiElement type="tableSort" template="gcGlobalMarketTableHeader" tableSortSize="300px 35px" id="gui_tableSort" text="$l10n_GC_globalMarket_tbl_header_price2" onClick="onClickChangeSortDirectionPrice" />
                    </GuiElement>
                    <GuiElement type="table" template="gcGlobalMarketTableLayout" id="gui_table_buy">
                        <GuiElement type="button" template="gcGlobalMarketLayoutButton" onClick="onClickStorageItem" isTableTemplate="true">		
                            <GuiElement type="text" template="gcGlobalMarketTableLayoutText" position="20px 0px0" onCreate="onCreateCol10" />				
                            <GuiElement type="text" template="gcGlobalMarketTableLayoutText" position="320px 0px" onCreate="onCreateCol11" />	
                            <GuiElement type="image" template="gcGlobalMarketButtonsPriceIconNormal" position="620px 0px" onCreate="onCreatePriceIcon2" />	
                            <GuiElement type="text" template="gcGlobalMarketTableLayoutText" position="660px 0px" onCreate="onCreateCol12" />	
                        </GuiElement>                        
                    </GuiElement>
                </GuiElement>
            </GuiElement>

                    
        </GuiElement>
        
        <GuiElement type="flowLayout" template="gcGlobalMarketButtonsLayout1">
            <GuiElement type="button" template="gcBaseGuiButton" inputAction="MENU_BACK" onClick="onClickClose" />
            <GuiElement type="text" template="gcBaseGuiButtonText" text="$l10n_GC_gui_buttons_back" /> 
            <GuiElement type="button" position="50px 0px" template="gcBaseGuiButtonNext" inputAction="MENU_EXTRA_1" onClick="onClickStorageScreen" />
            <GuiElement type="text" template="gcBaseGuiButtonText" text="$l10n_GC_globalMarket_btn_storageScreen" />   
            <GuiElement type="button" position="50px 0px" template="gcBaseGuiButtonNext" inputAction="MENU_EXTRA_2" onClick="onClickBuyScreen" />
            <GuiElement type="text" template="gcBaseGuiButtonText" text="$l10n_GC_globalMarket_btn_buyScreen" />  

			<GuiElement type="button" position="80px 0px" template="gcBaseGuiButtonNext" id="gui_btn_outsource" inputAction="MENU_ACTIVATE" onClick="onClickOutsource" />
        	<GuiElement type="text" template="gcBaseGuiButtonText" id="gui_btn_outsourceText" text="$l10n_GC_globalMarket_btn_outsource" /> 
            
			<GuiElement type="button" position="80px 0px" template="gcBaseGuiButtonNext" id="gui_btn_outsourceBale1" inputAction="MENU_PAGE_PREV" onClick="onClickOutsourceBale1" />
        	<GuiElement type="text" template="gcBaseGuiButtonText" id="gui_btn_outsourceBale1Text" text="$l10n_GC_globalMarket_btn_outsourceBale1" />             
			<GuiElement type="button" position="80px 0px" template="gcBaseGuiButtonNext" id="gui_btn_outsourceBale2" inputAction="MENU_PAGE_NEXT" onClick="onClickOutsourceBale2" />
        	<GuiElement type="text" template="gcBaseGuiButtonText" id="gui_btn_outsourceBale2Text" text="$l10n_GC_globalMarket_btn_outsourceBale2" /> 

			<GuiElement type="button" position="80px 0px" template="gcBaseGuiButtonNext" id="gui_btn_sellBuy" inputAction="MENU_ACCEPT" onClick="onClickSellBuy" />
        	<GuiElement type="text" template="gcBaseGuiButtonText" id="gui_btn_sellBuyText" />  
        </GuiElement>
        <GuiElement type="flowLayout" template="gcGlobalMarketButtonsLayout2">
            <GuiElement type="button" template="gcGlobalMarketBtnSynch" id="gui_btn_manualSych" onClick="onClickSynch" />
            <GuiElement type="text" template="gcBaseGuiButtonText" id="gui_btn_manualSychText" text="$l10n_GC_globalMarket_btn_synch" /> 
        </GuiElement>
    </GuiElement>  
</GUI>