﻿<?xml version="1.0" encoding="utf-8" standalone="no" ?>
<modDesc descVersion="42">
    <author>GIANTS Software</author>
    <version>1.0.0.0</version>
    <title>
        <en>Disable Vehicle Camera Collision</en>
        <de>Deaktivierung Der Kamerakollision</de>
        <fr>Désactiver La Collision De La Caméra</fr>
    </title>
    <description>
        <en><![CDATA[Disables the vehicles camera collision.]]></en>
        <de><![CDATA[Deaktiviert die Kollision der Fahrzeugkamera.]]></de>
        <fr><![CDATA[Désactiver la collision de la caméra.]]></fr>
    </description>
    <iconFilename>icon_disableCameraCollision.png</iconFilename>
    <multiplayer supported="true" />
</modDesc>
