<?xml version="1.0" encoding="utf-8" standalone="no" ?>
<modDesc descVersion="47">
    <author>DD ModPassion</author>
    <version>1.0.0.1</version>
    <title>
        <en>Save Player Position</en>
        <de>Spielerposition Speichern</de>
    </title>
    <description>
        <en><![CDATA[This mod adds saving the player position, when the player is on foot. When you start the game again, the player will be in the same position that you saved the game.

Changelog: 1.0.0.1
- fixed mp
]]></en>
        <de><![CDATA[Dieser Mod fügt das Speichern der Spieler Position hinzu, wenn der Spieler zu Fuß ist. Wenn Sie das Spiel erneut starten, befindet sich der Spieler an der Position, an der Sie das Spiel gespeichert haben.

Changelog: 1.0.0.1
- fixed mp
]]></de>
    </description>
    <iconFilename>icon_savePlayerPosition.png</iconFilename>
    <multiplayer supported="false"/>
    <extraSourceFiles>
		<sourceFile filename="specializations/savePlayerPosition.lua" />
    </extraSourceFiles>
</modDesc>

