﻿<?xml version="1.0" encoding="utf-8" standalone="no" ?>
<modDesc descVersion="43">
    <author>LS Modwerkstatt Niederbayern</author>
    <version>1.0.0.0</version>
    <iconFilename>store_stollFrontLoaderFZ60.dds</iconFilename>
    <storeItems>
        <storeItem xmlFilename="stollFrontLoaderFZ60.xml"/>
    </storeItems>
    <description>
        <de>Stoll FZ 60 Claas Edition</de>
        <en>Stoll FZ 60 Claas Edition</en>
    </description>
    <title>
        <de>Stoll FZ 60 Claas Edition</de>
        <en>Stoll FZ 60 Claas Edition</en>
    </title>
</modDesc>
