<?xml version="1.0" encoding="utf-8" standalone="no" ?>
<!--
=======================================================================================================
  BALESEE HOTSPOT GUI

 Purpose:		Allows bales and pallets to show up on the PDA map as hotspots.
 Author:		Mmtrx		
 Changelog:
  v2.0.0		18.02.2020  add Gui (settings and statistics)
=======================================================================================================
-->
<GUI onOpen="onOpen" onClose="onClose" onCreate="onCreate">
  <GuiElement type="bitmap" profile="baleSeeDialogBg" id="dialogElement">
	<GuiElement type="empty" profile="uiInGameMenuFrame" size="1680px 900px">
		<!-- page header -->
		<GuiElement debugEnabled="false" type="empty" profile="ingameMenuFrameHeaderPanel" position="10px -10px" >
			<GuiElement type="bitmap" profile="ingameMenuStatisticsHeaderIcon" position="0px 0px" />
			<GuiElement type="text" profile="ingameMenuFrameHeaderText" position="80px 0px" text="BaleSee" />
		</GuiElement>
		<!-- sub header: Settings / Statistics -->
		<GuiElement type="empty" profile="ingameMenuFrameHeaderPanel" position="120px -74px" >
			<GuiElement type="text" profile="ingameMenuFrameHeaderText" position="0px 0px" textSize="26px" text="$l10n_BS_Settings" />
			<GuiElement type="text" profile="ingameMenuFrameHeaderText" position="520px 0px" textSize="26px" text="$l10n_BS_BaleStatistics" />
			<GuiElement type="text" profile="ingameMenuFrameHeaderText" position="1040px 0px" textSize="26px" text="$l10n_BS_PalletStatistics" />
		</GuiElement>

		<!-- settings box -->
        <GuiElement type="bitmap" profile="ingameMenuSettingsBox" position="120px -138px" id="settings" size="400px 400px" >
            <GuiElement type="boxLayout" profile="ingameMenuSettingsLayout" position="0px -28px" id="boxLayout" >
                <GuiElement type="multiTextOption" profile="baleSeeMultiText" onClick="onClickShowBales" id="setShowBales" toolTipElementId="helpBoxText" toolTipText="$l10n_BS_tipShowBales" >
                    <GuiElement type="button" profile="multiTextOptionLeft"/>
                    <GuiElement type="button" profile="multiTextOptionRight"/>
                    <GuiElement type="text" profile="multiTextOptionText"/>
                    <GuiElement type="text" profile="multiTextOptionTitle" text="$l10n_BS_showBales"/>
                    <GuiElement type="bitmap" profile="multiTextOptionBg"/>
                </GuiElement>

                <GuiElement type="multiTextOption" profile="baleSeeMultiText" onClick="onClickShowPals" id="setShowPals" toolTipElementId="helpBoxText" toolTipText="$l10n_BS_tipShowPals" >
                    <GuiElement type="button" profile="multiTextOptionLeft"/>
                    <GuiElement type="button" profile="multiTextOptionRight"/>
                    <GuiElement type="text" profile="multiTextOptionText"/>
                    <GuiElement type="text" profile="multiTextOptionTitle" text="$l10n_BS_showPals"/>
                    <GuiElement type="bitmap" profile="multiTextOptionBg"/>
                </GuiElement>

                <GuiElement type="multiTextOption" profile="baleSeeMultiText" onClick="onClickSize" id="setSize" toolTipElementId="helpBoxText" toolTipText="$l10n_BS_tipSize" >
                    <GuiElement type="button" profile="multiTextOptionLeft"/>
                    <GuiElement type="button" profile="multiTextOptionRight"/>
                    <GuiElement type="text" profile="multiTextOptionText"/>
                    <GuiElement type="text" profile="multiTextOptionTitle" text="$l10n_BS_size"/>
                    <GuiElement type="bitmap" profile="multiTextOptionBg"/>
                </GuiElement>
			</GuiElement>
		</GuiElement>
		<!-- help text box -->
        <GuiElement type="bitmap" profile="ingameMenuHelpRowBg" position="120px 80px"  size="1000px 48px" id="helpBox" visible="false">
            <GuiElement type="bitmap" profile="ingameMenuHelpRowIcon" id="helpBoxIcon"/>
            <GuiElement type="text" profile="ingameMenuHelpRowText" id="helpBoxText" text="" onTextChanged="onToolTipBoxTextChanged"/>
        </GuiElement>

		<!-- bale table -->
		<GuiElement type="empty" positionOrigin="topLeft" id="statsContainer" profile="baleSeeBalContainer" screenAlign="topLeft" position="640px -138px" >
			<GuiElement type="boxLayout" position="0px 0px" profile="baleSeeHeaderBox" id="baleTableHeaderBox" >
				<GuiElement type="button" profile="baleSeeTableHeaderType" text="$l10n_BS_Type" />
				<GuiElement type="button" profile="baleSeeTableHeader" text="$l10n_BS_Count" />
			</GuiElement>
			<GuiElement type="table" position="1px -60px" id="baleTable" handleFocus="false" profile="baleSeeTable" rowTemplateName="myRowTemplate" columnNames="btype count" periodicUpdate="true" updateInterval="20" onUpdate="updateStats">
				<GuiElement type="listItem" profile="baleSeeRow" name="myRowTemplate" >
					<GuiElement type="bitmap" profile="baleSeeRowBg" >
						<GuiElement type="text" onCreate="onDataBind1" profile="baleSeeCellType" name="btype" />
						<GuiElement type="text" onCreate="onDataBind2" profile="baleSeeCell" name="count" position="280px 0px"/>
					</GuiElement>
				</GuiElement>
			</GuiElement>
		</GuiElement>
		<!-- pallet table -->
		<GuiElement type="empty" positionOrigin="topRight" position="-120px -138px" profile="baleSeePalContainer" screenAlign="topRight" >
			<GuiElement type="boxLayout" position="0px 0px" profile="baleSeeHeaderBox" id="palTableHeaderBox" >
				<GuiElement type="button" profile="baleSeeTableHeaderType" text="$l10n_BS_Type" />
				<GuiElement type="button" profile="baleSeeTableHeader" text="$l10n_BS_Count" />
			</GuiElement>
			<GuiElement type="table" position="1px -60px" id="palTable" handleFocus="false" profile="baleSeePalTable" rowTemplateName="myRowTemplate" columnNames="btype count" periodicUpdate="true" updateInterval="20" onUpdate="updateStats">
				<GuiElement type="listItem" profile="baleSeeRow" name="myRowTemplate" >
					<GuiElement type="bitmap" profile="baleSeeRowBg" >
						<GuiElement type="text" onCreate="onDataBind1" profile="baleSeeCellType" name="btype" />
						<GuiElement type="text" onCreate="onDataBind2" profile="baleSeeCell" name="count" position="280px 0px"/>
					</GuiElement>
				</GuiElement>
			</GuiElement>
		</GuiElement>
		
		<!-- std ok/esc buttons -->
		<GuiElement type="flowLayout" profile="buttonBoxDocked" id="buttonsPC" position="20px 12px">
			<GuiElement type="button" profile="buttonBack" text="$l10n_button_back" onClick="onClickBack" id="noButton"/>
			<GuiElement type="button" profile="buttonOK" text="$l10n_button_confirm" onClick="onClickOk" id="yesButton" visible="false"/>
		</GuiElement>
	</GuiElement>  <!-- enf of frame -->
  </GuiElement>
</GUI>
