﻿<?xml version="1.0" encoding="utf-8" standalone="no" ?>
<!--
=======================================================================================================
  BALESEE HOTSPOT GUI

 Purpose:       Allows bales and pallets to show up on the PDA map as hotspots.
 Author:        Mmtrx       
 Changelog:
  v2.0.0        18.02.2020  add Gui (settings and statistics)
=======================================================================================================
-->
<GUIProfiles>
    <Presets>
        <Preset name="len398" value="398px 40px"/>
    </Presets>

    <!-- Settings Dialog - - - - - - - - - - - - - - - - - - - - -  -->
    <Profile name="baleSeeDialogBg" extends="dialogBg">
        <Value name="frameBottomColor" value="0.718 0.716 0.715 0.25"/>
        <Value name="size" value="1680px 900px"/>
    </Profile>
    <Profile name="baleSeeButtonBox" extends="buttonBoxDocked">
        <Value name="position" value="0px 20px"/>
    </Profile>
    <Profile name="baleSeeMultiText" extends="multiTextOption">
        <Value name="margin" value="42px 42px 49px 16px"/>
    </Profile>

    <!-- Bale Statistics Table - - - - - - - - - - - - - - - - - - - - -  -->
    <Profile name="baleSeeRow" extends="ingameMenuStatisticsRow">
        <Value name="size" value="$preset_len398"/>
    </Profile>
    <Profile name="baleSeeRowBg" extends="ingameMenuStatisticsRowBackground">
        <Value name="size" value="$preset_len398"/>
    </Profile>
    <Profile name="baleSeeRowBgAlt" extends="ingameMenuStatisticsRowBackgroundAlternate">
        <Value name="size" value="$preset_len398"/>
    </Profile>
    <Profile name="baleSeeBalContainer" extends="ingameMenuStatisticsContainer">
        <Value name="size" value="400px 504px"/>
    </Profile>
    <Profile name="baleSeeHeaderBox" extends="ingameMenuStatisticsTableHeaderBox">
        <Value name="size" value="400px 60px"/>
    </Profile>
    <Profile name="baleSeeTable" extends="ingameMenuStatisticsTable">
        <Value name="size" value="400px 444px"/>
        <Value name="maxNumItems" value="11"/>
        <Value name="itemsPerCol" value="11"/>
        <Value name="rowBackgroundProfile" value="baleSeeRowBg"/>
        <Value name="rowBackgroundProfileAlternate" value="baleSeeRowBgAlt"/>
    </Profile>
    <Profile name="baleSeeTableHeader" extends="ingameMenuStatisticsTableHeader">
        <Value name="size" value="120px 60px"/>
        <Value name="allowSortingDesc" value="true"/>
        <Value name="columnName" value="count"/>
    </Profile>
    <Profile name="baleSeeTableHeaderType" extends="baleSeeTableHeader">
        <Value name="size" value="280px 60px"/>
        <Value name="textAlignment" value="left"/>
        <Value name="textOffset" value="80px 0px"/>
    </Profile>
    <Profile name="baleSeeCellType" extends="baleSeeCell">
        <Value name="size" value="280px 40px"/>
        <Value name="textMaxWidth" value="240px"/>
    </Profile>
    <Profile name="baleSeeCell" extends="ingameMenuStatisticsRowCell">
        <Value name="size" value="120px 40px"/>
        <Value name="textSize" value="16px"/>
    </Profile>
    <!-- override for category headings in bale table -->
    <Profile name="baleSeeCategory" extends="ingameMenuStatisticsRowTypeCell">
        <Value name="size" value="280px 40px"/>
        <Value name="textSize" value="20px"/>
        <Value name="textOffset" value="80px 0px"/>
    </Profile>

    <!-- Pallet Statistics Table - - - - - - - - - - - - - - - - - - - - -  -->
    <Profile name="baleSeePalContainer" extends="ingameMenuStatisticsContainer">
        <Value name="size" value="400px 744px"/>
    </Profile>
    <Profile name="baleSeePalTable" extends="baleSeeTable">
        <Value name="maxNumItems" value="17"/>
        <Value name="itemsPerCol" value="17"/>
    </Profile>
</GUIProfiles>
