﻿<hudConfig>
  
  <bg>
    <useBGinstead>true</useBGinstead><!--Use background instead of Day Color-->
    
    <showBottomStrip>true</showBottomStrip><!--Optional yellow bar along bottom-->
    
    <bgWidth>1.0</bgWidth><!-- (Adjustable if desired) -->
  </bg>
  
  
  <!-- ==========Default/Night Color========== -->
    
  <whiteColor>
    <red value ="1.0"/>     <!-- 1.0 -->
    <green value ="1.0"/>   <!-- 1.0 -->
    <blue value ="1.0"/>    <!-- 1.0 -->
  </whiteColor>
  
  <whiteColor2> <!--Clock's "Big Hand" Color-->
    <red value ="0.41"/>     <!-- 0.45 -->
    <green value ="0.41"/>   <!-- 0.45 -->
    <blue value ="0.41"/>    <!-- 0.45 -->
  </whiteColor2>
  
  <!-- ===Day Color===(Not used if BG enabled)==-->
  
  <blackColor>
    <red value ="0.0"/>    <!-- 0.0 -->
    <green value ="0.0"/>  <!-- 0.0 -->
    <blue value ="0.0"/>   <!-- 0.0 -->
  </blackColor>
  
  <blackColor2> <!--Clock's "Big Hand" Color-->
    <red value ="0.1"/>    <!-- 0.1 -->
    <green value ="0.1"/>  <!-- 0.1 -->
    <blue value ="0.1"/>   <!-- 0.1 -->
  </blackColor2>

  <!-- ==============Alpha================= -->
  
  <alpha>0.9</alpha>  
  
  <!-- ===========End of Colors============ -->
  
</hudConfig>
