﻿<?xml version="1.0" encoding="utf-8" standalone="no" ?>
<modDesc descVersion="47">
  
    <author>ViperGTS96</author>
  
    <version>1.5.1.0</version>
	
    <title>
        <en>HUD Smart Shade</en>
        <fr>HUD Smart Shade</fr>
   		<de>HUD Smart Shade</de>
   		<es>HUD Sombra inteligente</es>
   		<it>HUD Smart Shade</it>
   		<cz>HUD Smart Shade</cz>
   		<pl>HUD Smart Shade</pl>
    </title>
	
    <description>
<en><![CDATA[Sets the top-right HUD information to black during day time, and back to white during the night.
ChangeLog v1.5.0.0:

-Option to use a background instead of a secondary color via the "hudConfig.xml".
-Background can include a yellow bar along the bottom to match the HUD. (Optional via the "hudConfig.xml").
-Set both colors to your liking via the "hudConfig.xml".

ChangeLog v1.5.0.1:

- Issue fixed: Display of background when menu is active.

ChangeLog v1.5.1.0:

- Issue fixed: Background width adjusted and now adjusts if there is more than 1 Weather Icon.]]></en>

<fr><![CDATA[Définit les informations du HUD en haut à droite en noir pendant la journée et de nouveau en blanc pendant la nuit.

Journal des modifications v1.5.0.0:

-Option d'utiliser un arrière-plan au lieu d'une couleur secondaire via "hudConfig.xml".
-Arrière-plan peut inclure une barre jaune le long du fond pour faire correspondre le HUD. (Facultatif via le "hudConfig.xml").
-Définissez les deux couleurs à votre convenance via le "hudConfig.xml".

Journal des modifications v1.5.0.1:

- Problème résolu: Affichage de l'arrière-plan lorsque le menu est actif.

Journal des modifications v1.5.1.0:

- Problème résolu: la largeur de l'arrière-plan est ajustée et s'ajuste maintenant s'il y a plus d'une icône météo]]></fr>

<de><![CDATA[Setzt die HUD-Informationen oben rechts während des Tages auf Schwarz und nachts wieder auf Weiß.

Änderungsprotokoll v1.5.0.0:

-Option, um einen Hintergrund anstelle einer Sekundärfarbe über "hudConfig.xml" zu verwenden.
-Hintergrund kann eine gelbe Leiste entlang der Unterseite enthalten, die zum HUD passt. (Optional über die "hudConfig.xml").
-Stellen Sie beide Farben über die "hudConfig.xml" nach Ihren Wünschen ein.

Änderungsprotokoll v1.5.0.1:

- Problem behoben: Anzeige des Hintergrunds bei aktivem Menü.

Änderungsprotokoll v1.5.1.0:

- Problem behoben: Hintergrundbreite angepasst und jetzt angepasst, wenn mehr als 1 Wettersymbol vorhanden ist]]></de>

<es><![CDATA[Establece la información del HUD de arriba a la derecha en negro durante el día y de nuevo en blanco durante la noche.

Registro de cambios v1.5.0.0:

-Opción de usar un fondo en lugar de un color secundario a través del "hudConfig.xml".
-El fondo puede incluir una barra amarilla en la parte inferior para que coincida con el HUD. (Opcional a través del "hudConfig.xml").
-Configure ambos colores a su gusto a través del "hudConfig.xml".

Registro de cambios v1.5.0.1:

- Problema solucionado: Visualización de fondo cuando el menú está activo.

Registro de cambios v1.5.1.0:

- Problema solucionado: se ajustó el ancho de fondo y ahora se ajusta si hay más de 1 ícono meteorológico]]></es>

<it><![CDATA[Imposta le informazioni HUD in alto a destra durante il giorno e di nuovo sul bianco durante la notte.

Registro modifiche v1.5.0.0:

-Opzione di utilizzare uno sfondo anziché un colore secondario tramite "hudConfig.xml".
-Sfondo può includere una barra gialla lungo il fondo per abbinare l'HUD. (Facoltativo tramite "hudConfig.xml").
-Impostare entrambi i colori a proprio piacimento tramite "hudConfig.xml".

Registro modifiche v1.5.0.1:

- Problema risolto: visualizzazione dello sfondo quando il menu è attivo.

Registro modifiche v1.5.1.0:

- Problema risolto: la larghezza dello sfondo è stata regolata e ora si regola se è presente più di 1 icona Meteo]]></it>

<cz><![CDATA[Nastaví informace HUD vpravo nahoře během denního času a během noci zpět na bílou.

Změnit protokol v1.5.0.0:

-Možnost použít pozadí místo sekundární barvy přes "hudConfig.xml".
-Background může obsahovat žlutý pruh podél dna, aby odpovídal HUD. (Volitelné přes "hudConfig.xml").
-Nastavte obě barvy podle vašich představ prostřednictvím "hudConfig.xml".

Změnit protokol v1.5.0.1:

- Problém byl vyřešen: Zobrazení pozadí, když je nabídka aktivní.

Změnit protokol v1.5.1.0:

- Problém vyřešen: Šířka pozadí upravena a nyní upravena, pokud existuje více než jedna ikona počasí]]></cz>

<pl><![CDATA[Ustawia górną prawą informację HUD na czarny w ciągu dnia, a z powrotem na biały w nocy.
   
Dziennik zmian wer. v1.5.0.0:

-Opcja na użycie tła zamiast koloru wtórnego za pomocą „hudConfig.xml”.
-Tło może zawierać żółty pasek na dole, aby pasował do HUD. (Opcjonalnie przez "hudConfig.xml").
-Ustaw oba kolory do swoich potrzeb za pomocą "hudConfig.xml".
   
Dziennik zmian wer. v1.5.0.1:

- Problem został rozwiązany: wyświetlanie tła, gdy menu jest aktywne.

Dziennik zmian wer. 1.5.1.0:

- Naprawiono problem: dostosowano szerokość tła i teraz dostosowuje się, jeśli jest więcej niż 1 ikona pogody]]></pl>
    </description>
	
    <iconFilename>icon.dds</iconFilename>
  
    <multiplayer supported="true"/>
	
    <extraSourceFiles>
        <sourceFile filename="blackHUD.lua"/>
    </extraSourceFiles>

</modDesc>
