<?xml version="1.0" encoding="utf-8" standalone="no" ?>
<modDesc descVersion="42">
    <author>monteur1, test_dj_Tobe</author>
    <version>1.0.0.1</version>
	
    <title>
        <en>Variable Spray Usage</en>
        <de>Variabler Düngerverbrauch</de>
        <fr>Consommation d engrais variable</fr>
    </title>
	
    <description>
        <en>
<![CDATA[
Changelog
V1.0.0.1:
- Bug with Stara Estrela 32 fixed
- Display of the current application rate in the help window
- HUD removed

This script makes it possible to calculate the application rate of liquidmanure, manure, fertilizer, lime, liquid fertilizer and
herbicide to the worked hectare. The application rate is regulated depending on the speed.
This means, no matter what speed is applied, the application rate is always adjusted.
The script installs itself in all vehicles that have the specialization "sprayer", so in all
Slurry spreading devices, syringes, fertilizer spreaders and manure spreaders.
The following application rates are possible:
Liquid fertilizer / herbicide 100 to 800 liters / hectare
Fertilizer / lime 100 to 9000 liters / hectare
Solid manure 12,000 to 30,000 liters / hectare or 12 to 30 m³ / hectare
Manure 10000 to 45000 liters / hectare or 10 to 45 m³ / hectare
]]>
		</en>        
        <de>
<![CDATA[
V1.0.0.1:
- Fehler mit Stara Estrela 32 behoben
- Anzeige der aktuellen Ausbringmenge im Hilfefenster
- HUD entfernt

Dieses Script ermöglicht es, die Ausbringmenge von Gülle, Mist, Dünger, Kalk, Flüssigdünger und
Herbizid hektarbezogen einzustellen. Die Ausbringmenge wird dabei geschwindigkeitsabhängig reguliert.
Dies bedeutet, egal mit welcher Geschwindigkeit ausgebracht wird, die Ausbringmenge wird immer angepasst.
Das Script installiert sich selber in alle Fahrzeuge, die die Spezialiesierung "Sprayer" besitzen, also in alle
Gülleausbringgeräte, Spritzen, Düngerstreuer und Miststreuer.
Folgende Ausbringmengen sind möglich:
Flüssigdünger/Herbizid 100 bis 800 Liter/Hektar
Dünger/Kalk 100 bis 9000 Liter/Hektar
Festmist 12000 bis 30000 Liter/Hektar bzw. 12 bis 30 m³/Hektar
Gülle 10000 bis 45000 Liter/Hektar bzw. 10 bis 45 m³/Hektar
]]>
		</de>    
        <fr>
<![CDATA[
V1.0.0.1:
- Correction du bug avec Stara Estrela 32
- Affichage du taux d'application actuel dans la fenêtre d'aide
- HUD enlevé
	
Ce script permet de calculer le taux d’application de fumier, fumier, engrais, chaux, engrais liquide et
Ajuster l'herbicide à l'hectare. Le taux d'application est régulé en fonction de la vitesse.
Cela signifie que, quelle que soit la vitesse appliquée, le taux d'application est toujours ajusté.
Le script s’installe dans tous les véhicules ayant la spécialisation "pulvérisateur", donc dans tous
Épandeurs de lisier, seringues, épandeurs d'engrais et épandeurs de fumier.
Les taux d'application suivants sont possibles:
Engrais liquide / herbicide 100 à 800 litres / hectare
Engrais / citron vert 100 à 9000 litres / hectare
Fumier solide 12 000 à 30 000 litres / hectare ou 12 à 30 m³ / hectare
Fumier 10 000 à 45 000 litres / hectare ou 10 à 45 m³ / hectare		
]]>
        </fr>				
    </description>
	
    <iconFilename>icon.dds</iconFilename>
    <multiplayer supported="true"/>

    <extraSourceFiles>
        <sourceFile filename="addSpezialisatzion.lua"/>
    </extraSourceFiles>
 
	<l10n>	
		<text name="current_Sprayrate"> 		<en>Current Sprayrate</en>		<de>Aktuelle Ausbringmenge</de></text>				
	
		<text name="input_INCREASE_SPRAYRATE"> 	<en>Increase Sprayrate</en>		<de>Ausbringmenge erhöhen</de></text>				
		<text name="input_DECREASE_SPRAYRATE">  <en>Decrease Sprayrate</en>		<de>Ausbringmenge reduzieren</de></text>			
    </l10n>
	
    <actions>
        <action name="INCREASE_SPRAYRATE" category="VEHICLE"   axisType="HALF" ignoreComboMask="false"/>
        <action name="DECREASE_SPRAYRATE" category="VEHICLE"   axisType="HALF" ignoreComboMask="false"/>
    </actions>
	
    <inputBinding>
        <actionBinding action="INCREASE_SPRAYRATE" >
            <binding device="KB_MOUSE_DEFAULT" input="KEY_k" />
        </actionBinding>
        <actionBinding action="DECREASE_SPRAYRATE" >
            <binding device="KB_MOUSE_DEFAULT" input="KEY_m" />
        </actionBinding>
    </inputBinding>
</modDesc>
