<?xml version="1.0" encoding="utf-8" standalone="no" ?>
<modDesc descVersion="46">
    <author> Mmtrx</author>
    <version>2.0.0.0</version>
    <title>
        <en>SeeBales</en>
        <fr>Je Vois Des Balles</fr>
        <de>SeeBales</de>   
    </title>
    <description>
        <en><![CDATA[
This mod will cause both the PDA player map and the ingame Menu map to show small hotspots for bale and pallet objects where ever they exist.  The hotspots will either show icons representing the various objects, whether bales or pallets, or small colored markers.

The icons will look like the object itself, whereas the markers will represent objects by different colors, e.g.:

Straw Bales ~ Light Brown
Hay Bales ~ Light Green
Grass Bales ~ Dark Green
Silage Bales ~ Pink
Wool Pallet ~ Light Gray

Display type and size of the map markers can be configured in the SeeBales menu (Shift-b to show menu, only outside a vehicle).

ATTENTION:
On size setting "small" the icons/ markers are very tiny, they only show up at a rather high map zoom level (they do not show at default zoom).

Whenever the game is saved, these settings will be saved to a file "BaleSee.xml" in the /modsSettings directory. If this file is present during load of a savegame, initial values for the configuruation settings will be read in.

The SeeBales menu also displays some statistics about all ingame bales and pallets. Lines with count = 0 are not shown in the statistics tables.

CHANGE LOG:
V2.0.0.0: Added menu to configure settings - Shift-b to show (only outside a vehicle). 
Added bale / pallet statistics tables. 
Included cotton bales. 
Marker size now configurable.

LIMITATIONS:
The mod does not account for any bales / pallets in corresponding storage mods (e.g. BaleStacks https://www.farming-simulator.com/mod.php?lang=en&country=de&mod_id=141307&title=fs2019).
The mod only knows the standard game filltypes, and will show/ count any modded bale or pallet types as "Unknown".
The mod is as yet only for Singleplayer!]]></en>
        <fr><![CDATA[Mod montre les balles et les palettes sur la carte.]]></fr>
        <de><![CDATA[Dieser Mod bewirkt, dass die PDA-Player-Karte Hotspots für Ballen- und Palettenobjekte anzeigt, wo immer sie auf der Karte vorhanden sind.

Wenn Sie sich jemals gefragt haben, ob Sie mit dem Sammeln von Ballen auf einem großen Feld fertig sind, oder ob Ihnen einige weggerollt sind und sich nun im Wasser oder im Gebüsch verstecken, kann Ihnen dieser Mod dabei helfen, sie wiederzufinden. Gleiches gilt für das Auffinden von Paletten auf der Karte, ob Saatgut, Dünger, Schweinefutter usw.

Die PDA-Hotspots sind Symbole, die die verschiedenen Objekte darstellen, ob Ballen oder Paletten. Die PDA-Karte zeigt z.B. einen kleinen Strohballen für jeden Strohballen auf der Karte. Je nach Ballenart werden unterschiedliche Symbole verwendet. Eine Saatgutpalette zeigt auf der PDA-Karte eine winzige Saatgutpalette, usw. Wenn kleine farbige Kreise den Symbolen vorgezogen werden, können Sie die Darstellung der Ballen und Paletten sowie die Größe der Marker im SeeBales Menü konfigurieren - Aufruf mit Taste Umschalt-b (nur außerhalb von Fahrzeugen). 

Die Symbole / farbigen Marker erscheinen sowohl auf der Mini-Map als auch auf der 'Escape-Menü-Karte'. 

ACHTUNG:
Bei Größeneinstellung "klein" sind die Symbole winzig und daher nur bei einem relativ hohen Zoomlevel (höher als Standard Zoom) auf der Karte zu sehen!
Außerdem können die Symbole auf der Karte vom Spieler- oder einem Fahrzeugsymbol überlagert werden. Da hilft dann der maximale Zoom der Karte.

Die eingestellten Konfigurationswerte werden beim Speichern des Spielstands in der Datei "BaleSee.xml" im /modsSettings Ordner abgelegt. Wenn die Datei beim Laden eines Savegames vorhanden ist, werden die Schalterstellungen entsprechend eingelesen. 

Außerdem zeigt der Mod eine Statistik über alle aktuell vorhandenen Ballen und Paletten an. Zeilen mit Wert (Anzahl) = 0 werden in den Statistiktabellen unterdrückt.

CHANGE LOG:
V2.0.0.0: Menu hinzugefügt - Aufruf mit Taste Umschalt-b (nur außerhalb von Fahrzeugen): Konfiguration der Marker.
Ballen- und Palettenstatistik Anzeige im Menu. 
Markergröße nun konfigurierbar. 
Baumwollballen werden berücksichtigt.

EINSCHRÄNKUNGEN:
Der Mod berücksichtigt keine Ballen / Paletten in entsprechenden storage mods (z.B. BaleStacks https://www.farming-simulator.com/mod.php?lang=de&country=de&mod_id=141307&title=fs2019).
Der Mod kennt nur die Fülltypen des Standardspiels, andere Ballen- oder Palettentypen werden als "Unknown" dargestellt.
Der Mod ist nur für Singleplayer! ]]></de>
    </description>

    <multiplayer supported="false"/>   
    <iconFilename>icon.dds</iconFilename>
    <l10n filenamePrefix="l10n/l10n"/>
    <extraSourceFiles>
        <sourceFile filename="BaleSee.lua" />
    </extraSourceFiles>

    <actions>
        <action name="bs_Bale" category="PLAYER" axisType="HALF" ignoreComboMask="false"/>
    </actions>  
    <inputBinding>
        <actionBinding action="bs_Bale" >
            <binding device="KB_MOUSE_DEFAULT" input="KEY_lshift KEY_b" />
        </actionBinding>
    </inputBinding> 
</modDesc>