<?xml version="1.0" encoding="utf-8" standalone="no" ?>
<modDesc descVersion="40">

   <title>
    <en>MultipleMissions</en>
   </title>
   
	 <description>
    <en>Enable multiple Missions</en>
  </description>
	
   <author>Yipsi</author>
        
	 <version>1.0</version>
	
   <multiplayer supported="true" />
        
	 <iconFilename>icon_blank.dds</iconFilename>
	
   <extraSourceFiles>
     <sourceFile filename="MultipleMissions.lua" />
   </extraSourceFiles>
</modDesc>
