﻿<?xml version="1.0" encoding="utf-8" standalone="no"?>
<modDesc descVersion="44">
    <author>TopAce888</author>
    <version>1.1.0.0</version>
    <title>    
        <en>Flood- And Streetlights Set</en>
        <de>Flutlicht- Und Straßenlaternenset</de>
    </title>
    <description>
        <en><![CDATA[This set contains eight lanterns from Felsbrunn and Ravenport: 1 floodlight and 7 streetlights. The lights turn on/off automatically.

Floodlight:
Price: 2.000€
Daily upkeep: 10€/day

Streetlight 9m:
Price: 1.500€
Daily upkeep: 5€/day

Streetlight 8m:
Price: 1.300€
Daily upkeep: 5€/day

Streetlight 6m:
Price: 1.000€
Daily upkeep: 5€/day

Streetlight 5m:
Price: 800€
Daily upkeep: 5€/day

Streetlights 4m:
Price: 600€
Daily upkeep: 3€/day

Streetlight 3m:
Price: 500€
Daily upkeep: 3€/day

Changelog:
V1.1.0.0
-added four more streetlights
-adjusted color temperature of the light (warmer)
-created new store icons]]>
        </en>
        <de><![CDATA[Dieses Set beinhaltet acht Laternen aus Felsbrunn und Ravenport: 1 Flutlicht und 7 Straßenlaternen. Die Lampen schalten sich automatisch ein bzw. aus.

Flutlicht:
Preis: 2.000€
Tägliche Kosten: 10€/Tag

Straßenlaterne 9m:
Preis: 1.500€
Tägliche Kosten: 5€/Tag

Straßenlaterne 8m:
Preis: 1.300€
Tägliche Kosten: 5€/Tag

Straßenlaterne 6m:
Preis: 1.000€
Tägliche Kosten: 5€/Tag

Straßenlaterne 5m:
Preis: 800
Tägliche Kosten: 5€/Tag

Straßenlaternen 4m:
Preis: 600€
Tägliche Kosten: 3€/Tag

Straßenlaterne 3m:
Preis: 500€
Tägliche Kosten: 3€/Tag

Changelog:
V1.1.0.0
-vier weitere Straßenlaternen hinzugefügt
-Farbtemperetur des Lichts angepasst (wärmer)
-neue Store-Icons erstellt]]>
        </de>

    </description>
    <iconFilename>icon_lightsSet.png</iconFilename>
    <multiplayer supported="true"/>

    <l10n>
        <text name="shopItem_streetLight9m"> <en>Streetlight 9m</en> <de>Straßenlaterne 9m</de> </text>
        <text name="shopItem_streetLight8m"> <en>Streetlight 8m</en> <de>Straßenlaterne 8m</de> </text>
        <text name="shopItem_streetLight6m"> <en>Streetlight 6m</en> <de>Straßenlaterne 6m</de> </text>
        <text name="shopItem_streetLight5m"> <en>Streetlight 5m</en> <de>Straßenlaterne 5m</de> </text>
        <text name="shopItem_streetLight4m"> <en>Streetlight 4m</en> <de>Straßenlaterne 4m</de> </text>
        <text name="shopItem_streetLight3m"> <en>Streetlight 3m</en> <de>Straßenlaterne 3m</de> </text>
        <text name="shopItem_floodLight"> <en>Floodlight</en> <de>Flutlicht</de> </text>
        <text name="function_streetLight"> <en>This is a streetlight for your farm.</en> <de>Diese Straßenlaterne kannst du auf deinem Hof platzieren.</de> </text>
        <text name="function_floodLight"> <en>This is a floodlight for your farm.</en> <de>Dieses Flutlicht kannst du auf deinem Hof platzieren.</de> </text>
    </l10n>

    <storeItems>    
        <storeItem xmlFilename="floodLight.xml"/>
        <storeItem xmlFilename="streetLight9m.xml"/>
        <storeItem xmlFilename="streetLight8m.xml"/>
        <storeItem xmlFilename="streetLight6m.xml"/>
        <storeItem xmlFilename="streetLight5m.xml"/>
        <storeItem xmlFilename="streetLight4m_1.xml"/>
        <storeItem xmlFilename="streetLight4m_2.xml"/>
        <storeItem xmlFilename="streetLight3m.xml"/>
    </storeItems>
    
</modDesc>
