﻿<?xml version="1.0" encoding="utf-8" standalone="no" ?>
<modDesc descVersion="43">
    <author>North Simulation</author>
    <version>1.0</version>	
    <title>
        <en>Stine Soybean Seed</en>
        <de>Stine Soybean Seed</de>
    </title>

    <description>
        <en>A pallet of Stine high quality roundup ready seeds</en>
        <de>A pallet of Stine high quality roundup ready seeds</de>
    </description>
	
    <iconFilename>brand.dds</iconFilename>
	
    <multiplayer supported="true"/>
	
    <storeItems>
        <storeItem xmlFilename="pioneerPallet.xml"/>
    </storeItems>
	
    <brands>
        <brand name="STINE" title="Stine" image="brand.png"/>
    </brands>
</modDesc>
