﻿<?xml version="1.0" encoding="utf-8" standalone="no" ?>
<vehicle type="pallet">
    <storeData>
        <name>Stine Soybean Seed 42bu</name>
        <functions>
            <function>$l10n_function_bigBagSeeds</function>
        </functions>
        <specs>
            <capacity>2200</capacity>
            <fillTypes>seeds</fillTypes>
        </specs>
        <image>store_pioneerPallet.dds</image>
        <price>2100</price>
        <allowLeasing>false</allowLeasing>
        <canBeSold>false</canBeSold>
        <rotation>0</rotation>
        <brand>STINE</brand>
        <category>pallets</category>
        <financeCategory>PURCHASE_SEEDS</financeCategory>
        <vertexBufferMemoryUsage>119360</vertexBufferMemoryUsage>
        <indexBufferMemoryUsage>18384</indexBufferMemoryUsage>
        <textureMemoryUsage>2621584</textureMemoryUsage>
        <instanceVertexBufferMemoryUsage>0</instanceVertexBufferMemoryUsage>
        <instanceIndexBufferMemoryUsage>0</instanceIndexBufferMemoryUsage>
    </storeData>
    <base>
        <filename>pioneerPallet.i3d</filename>
        <size width="2" length="2"/>
        <input allowed="false"/>
        <canBeReset>false</canBeReset>
        <components>
            <component centerOfMass="0 0.1 0" solverIterationCount="10" mass="150"/>
        </components>
    </base>
    <animations>
        <animation name="seedBagAnimation">
            <part node="seedBags01" startTime="0.000" endTime="0.023" visibility="false"/>
            <part node="seedBags01" startTime="0.024" endTime="1.000" visibility="true"/>
            <part node="seedBags02" startTime="0.000" endTime="0.047" visibility="false"/>
            <part node="seedBags02" startTime="0.048" endTime="1.000" visibility="true"/>
            <part node="seedBags03" startTime="0.000" endTime="0.070" visibility="false"/>
            <part node="seedBags03" startTime="0.071" endTime="1.000" visibility="true"/>
            <part node="seedBags04" startTime="0.000" endTime="0.094" visibility="false"/>
            <part node="seedBags04" startTime="0.095" endTime="1.000" visibility="true"/>
            <part node="seedBags05" startTime="0.000" endTime="0.118" visibility="false"/>
            <part node="seedBags05" startTime="0.119" endTime="1.000" visibility="true"/>
            <part node="seedBags06" startTime="0.000" endTime="0.142" visibility="false"/>
            <part node="seedBags06" startTime="0.143" endTime="1.000" visibility="true"/>
            <part node="seedBags07" startTime="0.000" endTime="0.166" visibility="false"/>
            <part node="seedBags07" startTime="0.167" endTime="1.000" visibility="true"/>
            <part node="seedBags08" startTime="0.000" endTime="0.189" visibility="false"/>
            <part node="seedBags08" startTime="0.190" endTime="1.000" visibility="true"/>
            <part node="seedBags09" startTime="0.000" endTime="0.213" visibility="false"/>
            <part node="seedBags09" startTime="0.214" endTime="1.000" visibility="true"/>
            <part node="seedBags10" startTime="0.000" endTime="0.237" visibility="false"/>
            <part node="seedBags10" startTime="0.238" endTime="1.000" visibility="true"/>
            <part node="seedBags11" startTime="0.000" endTime="0.261" visibility="false"/>
            <part node="seedBags11" startTime="0.262" endTime="1.000" visibility="true"/>
            <part node="seedBags12" startTime="0.000" endTime="0.285" visibility="false"/>
            <part node="seedBags12" startTime="0.286" endTime="1.000" visibility="true"/>
            <part node="seedBags13" startTime="0.000" endTime="0.309" visibility="false"/>
            <part node="seedBags13" startTime="0.310" endTime="1.000" visibility="true"/>
            <part node="seedBags14" startTime="0.000" endTime="0.332" visibility="false"/>
            <part node="seedBags14" startTime="0.333" endTime="1.000" visibility="true"/>
            <part node="seedBags15" startTime="0.000" endTime="0.356" visibility="false"/>
            <part node="seedBags15" startTime="0.357" endTime="1.000" visibility="true"/>
            <part node="seedBags16" startTime="0.000" endTime="0.380" visibility="false"/>
            <part node="seedBags16" startTime="0.381" endTime="1.000" visibility="true"/>
            <part node="seedBags17" startTime="0.000" endTime="0.404" visibility="false"/>
            <part node="seedBags17" startTime="0.405" endTime="1.000" visibility="true"/>
            <part node="seedBags18" startTime="0.000" endTime="0.428" visibility="false"/>
            <part node="seedBags18" startTime="0.429" endTime="1.000" visibility="true"/>
            <part node="seedBags19" startTime="0.000" endTime="0.451" visibility="false"/>
            <part node="seedBags19" startTime="0.452" endTime="1.000" visibility="true"/>
            <part node="seedBags20" startTime="0.000" endTime="0.475" visibility="false"/>
            <part node="seedBags20" startTime="0.476" endTime="1.000" visibility="true"/>
            <part node="seedBags21" startTime="0.000" endTime="0.499" visibility="false"/>
            <part node="seedBags21" startTime="0.500" endTime="1.000" visibility="true"/>
            <part node="seedBags22" startTime="0.000" endTime="0.523" visibility="false"/>
            <part node="seedBags22" startTime="0.524" endTime="1.000" visibility="true"/>
            <part node="seedBags23" startTime="0.000" endTime="0.547" visibility="false"/>
            <part node="seedBags23" startTime="0.548" endTime="1.000" visibility="true"/>
            <part node="seedBags24" startTime="0.000" endTime="0.570" visibility="false"/>
            <part node="seedBags24" startTime="0.571" endTime="1.000" visibility="true"/>
            <part node="seedBags25" startTime="0.000" endTime="0.594" visibility="false"/>
            <part node="seedBags25" startTime="0.595" endTime="1.000" visibility="true"/>
            <part node="seedBags26" startTime="0.000" endTime="0.618" visibility="false"/>
            <part node="seedBags26" startTime="0.619" endTime="1.000" visibility="true"/>
            <part node="seedBags27" startTime="0.000" endTime="0.642" visibility="false"/>
            <part node="seedBags27" startTime="0.643" endTime="1.000" visibility="true"/>
            <part node="seedBags28" startTime="0.000" endTime="0.666" visibility="false"/>
            <part node="seedBags28" startTime="0.667" endTime="1.000" visibility="true"/>
            <part node="seedBags29" startTime="0.000" endTime="0.689" visibility="false"/>
            <part node="seedBags29" startTime="0.690" endTime="1.000" visibility="true"/>
            <part node="seedBags30" startTime="0.000" endTime="0.713" visibility="false"/>
            <part node="seedBags30" startTime="0.714" endTime="1.000" visibility="true"/>
            <part node="seedBags31" startTime="0.000" endTime="0.737" visibility="false"/>
            <part node="seedBags31" startTime="0.738" endTime="1.000" visibility="true"/>
            <part node="seedBags32" startTime="0.000" endTime="0.761" visibility="false"/>
            <part node="seedBags32" startTime="0.762" endTime="1.000" visibility="true"/>
            <part node="seedBags33" startTime="0.000" endTime="0.785" visibility="false"/>
            <part node="seedBags33" startTime="0.786" endTime="1.000" visibility="true"/>
            <part node="seedBags34" startTime="0.000" endTime="0.809" visibility="false"/>
            <part node="seedBags34" startTime="0.810" endTime="1.000" visibility="true"/>
            <part node="seedBags35" startTime="0.000" endTime="0.832" visibility="false"/>
            <part node="seedBags35" startTime="0.833" endTime="1.000" visibility="true"/>
            <part node="seedBags36" startTime="0.000" endTime="0.856" visibility="false"/>
            <part node="seedBags36" startTime="0.857" endTime="1.000" visibility="true"/>
            <part node="seedBags37" startTime="0.000" endTime="0.880" visibility="false"/>
            <part node="seedBags37" startTime="0.881" endTime="1.000" visibility="true"/>
            <part node="seedBags38" startTime="0.000" endTime="0.904" visibility="false"/>
            <part node="seedBags38" startTime="0.905" endTime="1.000" visibility="true"/>
            <part node="seedBags39" startTime="0.000" endTime="0.928" visibility="false"/>
            <part node="seedBags39" startTime="0.929" endTime="1.000" visibility="true"/>
            <part node="seedBags40" startTime="0.000" endTime="0.951" visibility="false"/>
            <part node="seedBags40" startTime="0.952" endTime="1.000" visibility="true"/>
            <part node="seedBags41" startTime="0.000" endTime="0.975" visibility="false"/>
            <part node="seedBags41" startTime="0.976" endTime="1.000" visibility="true"/>
            <part node="seedBags42" startTime="0.000" endTime="0.999" visibility="false"/>
            <part node="seedBags42" startTime="1.000" endTime="1.000" visibility="true"/>
            <part node="tensionBeltNode" startTime="0" endTime="1.000" startScale="1 0.1 1" endScale="1 1 1"/>
        </animation>
    </animations>
    <fillUnit>
        <fillUnitConfigurations>
            <fillUnitConfiguration>
                <fillUnits removeVehicleIfEmpty="true">
                    <fillUnit unit="$l10n_unit_literShort" fillTypes="seeds" capacity="1480" startFillType="seeds" startFillLevel="1480">
                        <fillRootNode index="0>"/>
                        <dashboard displayType="ANIMATION" valueType="fillLevel" animName="seedBagAnimation"/>
                    </fillUnit>
                </fillUnits>
            </fillUnitConfiguration>
        </fillUnitConfigurations>
    </fillUnit>
    <dischargeable requiresTipOcclusionArea="false"/>
    <fillTriggerVehicle triggerNode="fillTrigger" fillUnitIndex="1" litersPerSecond="200"/>
    <dynamicMount triggerNode="dynamicMountTrigger"/>
    <tensionBeltObject>
        <meshNodes>
            <meshNode node="tensionBeltNode"/>
        </meshNodes>
    </tensionBeltObject>
    <i3dMappings>
        <i3dMapping id="dynamicMountTrigger" node="0>0"/>
        <i3dMapping id="tensionBeltNode" node="0>1"/>
        <i3dMapping id="fillTrigger" node="0>2"/>
        <i3dMapping id="seedBags01" node="0>3|0"/>
        <i3dMapping id="seedBags02" node="0>3|1"/>
        <i3dMapping id="seedBags03" node="0>3|2"/>
        <i3dMapping id="seedBags04" node="0>3|3"/>
        <i3dMapping id="seedBags05" node="0>3|4"/>
        <i3dMapping id="seedBags06" node="0>3|5"/>
        <i3dMapping id="seedBags07" node="0>3|6"/>
        <i3dMapping id="seedBags08" node="0>3|7"/>
        <i3dMapping id="seedBags09" node="0>3|8"/>
        <i3dMapping id="seedBags10" node="0>3|9"/>
        <i3dMapping id="seedBags11" node="0>3|10"/>
        <i3dMapping id="seedBags12" node="0>3|11"/>
        <i3dMapping id="seedBags13" node="0>3|12"/>
        <i3dMapping id="seedBags14" node="0>3|13"/>
        <i3dMapping id="seedBags15" node="0>3|14"/>
        <i3dMapping id="seedBags16" node="0>3|15"/>
        <i3dMapping id="seedBags17" node="0>3|16"/>
        <i3dMapping id="seedBags18" node="0>3|17"/>
        <i3dMapping id="seedBags19" node="0>3|18"/>
        <i3dMapping id="seedBags20" node="0>3|19"/>
        <i3dMapping id="seedBags21" node="0>3|20"/>
        <i3dMapping id="seedBags22" node="0>3|21"/>
        <i3dMapping id="seedBags23" node="0>3|22"/>
        <i3dMapping id="seedBags24" node="0>3|23"/>
        <i3dMapping id="seedBags25" node="0>3|24"/>
        <i3dMapping id="seedBags26" node="0>3|25"/>
        <i3dMapping id="seedBags27" node="0>3|26"/>
        <i3dMapping id="seedBags28" node="0>3|27"/>
        <i3dMapping id="seedBags29" node="0>3|28"/>
        <i3dMapping id="seedBags30" node="0>3|29"/>
        <i3dMapping id="seedBags31" node="0>3|30"/>
        <i3dMapping id="seedBags32" node="0>3|31"/>
        <i3dMapping id="seedBags33" node="0>3|32"/>
        <i3dMapping id="seedBags34" node="0>3|33"/>
        <i3dMapping id="seedBags35" node="0>3|34"/>
        <i3dMapping id="seedBags36" node="0>3|35"/>
        <i3dMapping id="seedBags37" node="0>3|36"/>
        <i3dMapping id="seedBags38" node="0>3|37"/>
        <i3dMapping id="seedBags39" node="0>3|38"/>
        <i3dMapping id="seedBags40" node="0>3|39"/>
        <i3dMapping id="seedBags41" node="0>3|40"/>
        <i3dMapping id="seedBags42" node="0>3|41"/>
    </i3dMappings>
</vehicle>
