﻿<?xml version="1.0" encoding="utf-8" standalone="no" ?>
<modDesc descVersion="47">
  
    <author>ViperGTS96</author>  
    <version>1.0.2.0</version>
	
    <title>
      <en>Category Adder</en>
      <fr>Additionneur De Catégorie</fr>
   		<de>Kategorie-Addierer</de>
   		<es>Sumador De Categoría</es>
   		<it>Vipera Di Categoria</it>
   		<cz>Přidání Kategorie</cz>
   		<pl>Dodatek Kategorii</pl>
    </title>
	
    <description>
		<en><![CDATA[-Moves the "AquaTrans", "MKS 8", "MKS 32", and "FST 990" into a new category called "Liquid Transport".
-Moves the "Water Station", "Lime Station" (GS mod), and Placeable Refill Stations (GS mod) into a new category called "Refill Stations".

-Allows mods to create and use a new store category. Same method as using a new brand. (See "Instructions.txt" for more detail)]]></en>
		<de><![CDATA[-Verlegt die "AquaTrans", "MKS 8", "MKS 32" und "FST 990" in eine neue Kategorie namens "Flüssigkeitstransport".
-Verschiebt die "Wasserstation", "Kalkstation" (GS-Mod) und platzierbare Nachfüllstationen (GS-Mod) in eine neue Kategorie mit dem Namen "Nachfüllstationen".

-Ermöglicht Mods das Erstellen und Verwenden einer neuen Geschäftskategorie. Gleiche Methode wie bei einer neuen Marke. (Weitere Informationen finden Sie in "Instructions.txt".)]]></de>
		<fr><![CDATA[-Déplace les "AquaTrans", "MKS 8", "MKS 32" et "FST 990" dans une nouvelle catégorie appelée "Transport Liquide".
-Déplace la «station d'eau», la «station de chaux» (GS mod) et les stations de recharge placables (GS mod) dans une nouvelle catégorie appelée "Stations de Recharge".

-Permet aux mods de créer et d'utiliser une nouvelle catégorie de magasin. Même méthode que l'utilisation d'une nouvelle marque. (Voir "Instructions.txt" pour plus de détails)]]></fr>
		<es><![CDATA[-Mueve el "AquaTrans", "MKS 8", "MKS 32" y "FST 990" en una nueva categoría llamada "Transporte de Líquidos".
-Mueve la "Estación de agua", "Estación de cal" (mod GS) y estaciones de recarga ubicables (mod GS) en una nueva categoría llamada "Estaciones de Recarga".

-Permite modificaciones para crear y usar una nueva categoría de tienda. El mismo método que usar una nueva marca. (Ver "Instructions.txt" para más detalles)]]></es>
		<it><![CDATA[-Muove "AquaTrans", "MKS 8", "MKS 32" e "FST 990" in una nuova categoria chiamata "Trasporto di Liquidi".    
-Sposta la "Stazione dell'acqua", la "Lime Station" (mod GS) e le stazioni di ricarica posizionabili (mod GS) in una nuova categoria chiamata "Stazioni di Ricarica".

-Consente alle mod di creare e utilizzare una nuova categoria di negozi. Stesso metodo dell'utilizzo di un nuovo marchio. (Vedi "Instructions.txt" per maggiori dettagli)]]></it>
		<cz><![CDATA[-Spojuje „AquaTrans“, „MKS 8“, „MKS 32“ a „FST 990“ do nové kategorie s názvem „Tekuté Přívěsy“.
-Zařadí „Vodní stanici“, „Vápno“ (GS mod) a Placeable Refill Stations (GS mod) do nové kategorie nazvané „Doplňovací stanice“.

-Umožňuje modům vytvářet a používat novou kategorii obchodu. Stejná metoda jako při použití nové značky. (Další podrobnosti viz „Instructions.txt“)]]></cz>
		<pl><![CDATA[- Przenosi „AquaTrans”, „MKS 8”, „MKS 32” i „FST 990” do nowej kategorii o nazwie „Przyczepy do Płynów”.    
-Przenosi „Stację wody”, „Stację wapna” (mod GS) i Stacje do napełniania (mod GS) do nowej kategorii o nazwie „Stacje napełniania”.

-Zezwala modom na tworzenie i używanie nowej kategorii sklepu. Ta sama metoda, jak przy użyciu nowej marki. (Aby uzyskać więcej informacji, zobacz „Instructions.txt”)]]></pl>
    </description>

    <iconFilename>icon.dds</iconFilename>

    <multiplayer supported="true"/>

    <extraSourceFiles>
        <sourceFile filename="categoryAdder.lua"/>
    </extraSourceFiles>

  <l10n>
    <text name="cat_LiquidTransport">
      <en>Liquid Transport</en>
      <de>Flüssigkeitstransport</de>
      <fr>Transport Liquide</fr>
      <es>Transporte de Líquidos</es>
      <it>Trasporto di Liquidi</it>
      <cz>Tekuté Přívěsy</cz>
      <pl>Przyczepy do Płynów</pl>
    </text>
    <text name="cat_RefillStations">
      <en>Refill Stations</en>
      <de>Nachfüllstationen</de>
      <fr>Stations de Recharge</fr>
      <es>Estaciones de Recarga</es>
      <it>Stazioni di Ricarica</it>
      <cz>Doplňovací stanice</cz>
      <pl>Stacje napełniania</pl>
    </text>
  </l10n>

</modDesc>