<?xml version="1.0" encoding="utf-8" standalone="no" ?>
<modDesc descVersion="46">
    <author>Sphinx</author>
    <version>1.0.0.0</version>

    <title>
        <en>Container</en>
        <de>Behälter</de>
        <fr>Conteneur</fr>
    </title>

    <description>
        <en>
<![CDATA[You can place the container and open the doors to store your pallets or something else.
-Animations of doors and lights
-Compatible with Seasons Mods]]>
        </en>
        <de>
<![CDATA[Sie können den Behälter platzieren und die Türen öffnen, um Ihre Paletten oder etwas anderes zu lagern.
-Animationen von Türen und Lichtern
-Kompatibel mit Seasons Mods]]>
        </de>
        <fr>
<![CDATA[Vous pouvez placer le conteneur et ouvrirent les portes pour stocker vos palettes ou autre chose.
-Animations des portes et lumières
-Compatible avec le Mods Saisons]]>
        </fr>
    </description>

    <iconFilename>Icon.png</iconFilename>
    <multiplayer supported="true"/>

    <storeItems> 
        <storeItem xmlFilename="xml/container.xml"/>
    </storeItems>
	
    <l10n>
        <text name="action_lightOn">
            <en>Switch Light ON</en>
            <de>Licht anschalten</de>
            <fr>Allumer la lumière</fr>
        </text>
        <text name="action_lightOut">
            <en>Switch Light OFF</en>
            <de>Licht ausschalten</de>
            <fr>Éteindre la lumière</fr>
        </text>
    </l10n>

</modDesc>