﻿<?xml version="1.0" encoding="utf-8" standalone="no" ?>
<placeable>
    <storeData>
        <name>
            <en>Chock Silo Extralarge</en></name>
        <specs>
            <fillTypes>chaff grass straw maize sugarBeet potato</fillTypes>
        </specs>
        <image>store.dds</image>
        <price>15000</price>
        <dailyUpkeep>0</dailyUpkeep>
        <lifetime>1000</lifetime>
        <rotation>0</rotation>
        <brand>LIZARD</brand>
        <species>placeable</species>
        <category>silos</category>
        <vertexBufferMemoryUsage>25056</vertexBufferMemoryUsage>
        <indexBufferMemoryUsage>2160</indexBufferMemoryUsage>
        <textureMemoryUsage>1572968</textureMemoryUsage>
        <instanceVertexBufferMemoryUsage>0</instanceVertexBufferMemoryUsage>
        <instanceIndexBufferMemoryUsage>0</instanceIndexBufferMemoryUsage>
    </storeData>
    <placeableType>bunkerSiloPlaceable</placeableType>
    <filename>keilSilo.i3d</filename>
    <placement testSizeX="1" testSizeZ="1" sizeX="1" sizeZ="1" useRandomYRotation="false" useManualYRotation="true" placementPositionSnapSize="1" placementRotationSnapAngle="90"/>
    <bunkerSilos>
        <bunkerSilo acceptedFillTypes="chaff grass_windrow dryGrass_windrow straw maize sugarBeet potato" inputFillType="chaff" outputFillType="silage" fermentingHours="6" distanceToCompactedFillLevel="100" openingLength="5">
            <area startNode="3|0" widthNode="3|1" heightNode="3|2"/>
            <interactionTrigger node="1"/>
        </bunkerSilo>
    </bunkerSilos>
    <clearAreas>
        <clearArea startNode="4|0" widthNode="4|1" heightNode="4|2"/>
    </clearAreas>
    <leveling requireLeveling="true" maxSmoothDistance="10" maxSlope="75" maxEdgeAngle="30">
        <levelAreas>
            <levelArea startNode="5|0" widthNode="5|1" heightNode="5|2" groundType="asphalt"/>
        </levelAreas>
    </leveling>
    <tipOcclusionUpdateArea sizeX="24" sizeZ="70"/>
	
</placeable>
