﻿<?xml version="1.0" encoding="utf-8" standalone="no" ?>
<modDesc descVersion="43">
    <author>hawk</author>
    <version>1.0</version>
    <iconFilename>store.png</iconFilename>
    <title>
        <en>Keilsilo Extralarge</en>
        <de>Keilsilo Extragroß</de>
    </title>
    <multiplayer supported="true"/>
	<description>
	<de><![CDATA[Der Keilsilo Extragroß
	Die maße dieses Silos betragen:	
									Innenmaß:	L 70m und B 24m
									Außenmaß:	L 71m und B 26m
									Baumaß:		L 76m und B 28m
									
	Vor dem Silo befindet sich eine Sperrzone von 10m in der NICHTS abgekippt werden kann.
	Somit ist der Silo komplett begrenzt und kann nicht 'überfüllt' werden.
	
	Dieses recht erschwingliche Bauvorhaben kostet Sie nur schlappe 15000€ und wird Ihnen auf wunsch (fast) überall hin gebaut.
	Zudem können Sie in diesem hervorragenden Gebilde weitere Früchte zu Ihrem siliergut mischen. Diese sind Stroh, Mais, Zuckerrüben und Kartoffeln.
		
	Das Silo ist speziell für Server gedacht welche z.B. Maisparty oder ähnliches machen und probleme mit den Fahrern haben welche immer von der fertigen Keilseite hinenfahren wollen.
	Des weiteren habe ich einen solchen Silo bisher nicht für den Multiplayer gefunden und denke das so etwas gerne genommen wird.
	Mir sind beim Test keine Fehler aufgefallen, außer den bekannten Problemen mit der Kolliionsabfrage bei den 'TipTriggern' welche von der Engine her kommen und auch bei Giants produkten vorkommen.

Versionsinfo:
Version 1.0
	original Keilsilo Extragroß
		]]></de>
    </description>
    <iconFilename>store.dds</iconFilename>
    <storeItems>
        <storeItem xmlFilename="keilSilo.xml"/>
    </storeItems>
</modDesc>
