﻿<?xml version="1.0" encoding="utf-8" standalone="no" ?>
<modDesc descVersion="43">
	<author>LordBanana</author>
    <version>1.1.0.0</version>
    <title>
        <en>Workshop Tabber</en>
    </title>
    <description>
		<en><![CDATA[Workshop Tabber enables 'tabbing' through in-range vehicles/tools in the workshop popup dialog. No more need for de-attaching implements before modifying them!

In the workshop popup dialog where you can choose to 'Sell', 'Customize' or 'Repair' the equipment, just press 'Tab' to cycle through all the equipment that is in range of the workshop.

Changelog: 1.1.0.0
- Multiplayer enabled.
]]>
		</en>
		<de><![CDATA[Der Workshop Tabber ermöglicht das 'Tabbing' durch sämtliche sich ind er Nähe befindlichen Fahrzeuge während der Spieler im Workshop-Dialogfenster ist. Ihr müsst nun nie wieder Geräte zum Konfigurieren/Verkaufen abhängen!

Einfach im Workshop-Dialogfenster bei dem Ihr eine Maschine "Verkaufen", "Konfigurieren" oder "Reparieren" könnt, 'Tab' drücken und schon könnt Ihr zwischen den Gerätschaften hin und her wechseln.

Änderungsprotokoll: 1.1.0.0
- Multiplayer aktiviert.
]]>
		</de>
    </description>
    <multiplayer supported="true"/>
	<iconFilename>workshopTabber.dds</iconFilename>
	<extraSourceFiles>	
		<sourceFile filename="workshopTabber.lua" /> 
	</extraSourceFiles>
	<inputBindings>
    </inputBindings>
</modDesc>