﻿<?xml version="1.0" encoding="utf-8" standalone="no" ?>
<modDesc descVersion="47">
    <title>
        <en>Schema Position</en>
        <de>Fahrzeugschema</de>
        <pl>Pozycja Schematu</pl>
        <es>Posición Del Esquema</es>
        <it>Posizione Dello Schema</it>
        <cz>Pozice Schématu</cz>
        <fr>Position Du Schéma</fr>
    </title>
    <author>ViperGTS96</author>
    <version>1.0.0.0</version>
    <description>
		<en><![CDATA[Relocates the "Vehicle Schema" to any corner of the screen. 
		
[Keyboard Inputs]:
*Toggle the Help Menu (F1) to update position after using the following:
- "right ctrl" + "0"  = Top Left (Original Position)
- "right ctrl" + "1"  = Top Right
- "right ctrl" + "2"  = Bottom Right
- "right ctrl" + "3"  = Bottom Left]]></en>
        <de><![CDATA[Verschiebt das "Fahrzeugschema" in eine beliebige Ecke des Bildschirms.

[Tastatureingaben]:
*Schalten Sie das Hilfemenü (F1) um, um die Position zu aktualisieren, nachdem Sie Folgendes ausgeführt haben:
- "rechte Strg" + "0" = Oben links (ursprüngliche Position)
- "Rechte Strg" + "1" = Oben rechts
- "Rechte Strg" + "2" = Unten rechts
- "Rechts Strg" + "3" = Links unten]]></de>
        <pl><![CDATA[Przenosi „Schemat pojazdu” do dowolnego rogu ekranu.
		
[Klawiatura]:
*Przełącz menu Pomoc (F1), aby zaktualizować pozycję po wykonaniu następujących czynności:
- „right ctrl” + „0” = Lewy górny róg (pierwotne położenie)
- „right ctrl” + „1” = prawy górny róg
- „right ctrl” + „2” = prawy dolny róg
- „right ctrl” + „3” = Lewy dolny róg]]></pl>
        <cz><![CDATA[Přesune schéma vozidla do libovolného rohu obrazovky.

[Vstupy z klávesnice]:
*Přepněte nabídku Nápověda (F1) na aktualizaci pozice po použití následujícího:
- "right ctrl" + "0" = vlevo nahoře (původní pozice)
- "right ctrl" + "1" = vpravo nahoře
- "right ctrl" + "2" = vpravo dole
- "right ctrl" + "3" = doleva vlevo]]></cz>
        <it><![CDATA[Riposiziona lo "Schema del veicolo" in qualsiasi angolo dello schermo.

[Input tastiera]:
*Attiva il menu Guida (F1) per aggiornare la posizione dopo aver utilizzato quanto segue:
- "right ctrl" + "0" = In alto a sinistra (posizione originale)
- "right ctrl" + "1" = In alto a destra
- "right ctrl" + "2" = In basso a destra
- "right ctrl" + "3" = In basso a sinistra]]></it>
        <es><![CDATA[Reubica el "Esquema del vehículo" en cualquier esquina de la pantalla.

[Entradas de teclado]:
*Cambie el menú Ayuda (F1) para actualizar la posición después de usar lo siguiente:
- "ctrl derecho" + "0" = Superior izquierda (Posición original)
- "ctrl derecho" + "1" = Arriba a la derecha
- "Ctrl derecho" + "2" = Inferior derecha
- "Ctrl derecho" + "3" = Inferior izquierda]]></es>
        <fr><![CDATA[Déplace le "schéma du véhicule" dans n'importe quel coin de l'écran.
		
[Entrées clavier]:
*Basculez le menu d'aide (F1) pour mettre à jour la position après avoir utilisé ce qui suit:
- "ctrl droit" + "0" = en haut à gauche (position d'origine)
- "ctrl droit" + "1" = en haut à droite
- "ctrl droit" + "2" = en bas à droite
- "ctrl droit" + "3" = en bas à gauche]]></fr>
      </description>
  <iconFilename>icon.dds</iconFilename>
  <loadOnly>false</loadOnly>
    <multiplayer supported="true"/>
    <extraSourceFiles>
		<sourceFile filename="schemaPosition.lua" />
    </extraSourceFiles>
</modDesc>
