﻿<?xml version="1.0" encoding="utf-8" standalone="no" ?>
<modDesc descVersion="43">

    <author>sperrgebiet</author>

    <version>1.0.0.0</version>

    <title>
        <de>Variable Ballenkapazität</de>
		<en>Variable Bale Capacity</en>
	</title>

	<iconFilename>store.dds</iconFilename>
	
	<multiplayer supported="true"/>
    
	<description>
        <de><![CDATA[Hiermit wird eine variable Presskammer aktiviert, mit deren Hilfe Ballen mit einer größeren (oder kleineren) Kapazität gepresst werden können.
Die eigentliche Ballengröße wird dabei nicht verändert. Somit funktionieren alle Standardballensammler etc.
Eigene Kapazitäten können in modsSettings/VariableBaleCapacity/savegameXX/BaleCapacities.xml definiert werden.
]]>
        </de>
		<en><![CDATA[Enables a variable bale chamber to create bales with a larger (or smaller) capacity.
The actual bale size does not get changed, so all the standard bale collectors etc. will still work.
Custom bale capacities can be set in modsSettings/VariableBaleCapacity/savegameXX/BaleCapacities.xml
]]>
		</en>
    </description>
	
	<extraSourceFiles>
		<sourceFile filename="RegisterSpecialization.lua" />
	</extraSourceFiles>

	<registerSpecializations debugPriority="0">
		<registerSpecialization name="varBaleCap" className="VarBaleCap" filename="variableBaleCapacity.lua" searchedSpecializations="Baler"/>
	</registerSpecializations>	

	<actions>
		<action name="varBaleCap_Change" 		axisType="HALF" />
	</actions>

	<inputBinding>	
		<actionBinding action="varBaleCap_Change">
			<binding device="KB_MOUSE_DEFAULT" input="KEY_k" index="1" />
		</actionBinding>
	</inputBinding>

	<l10n>
		<text name="input_varBaleCap_Change"><en>VarBaleCap: Change bale capacity</en><de>VarBaleCap: Ballenkapazität verändern</de></text>
		<text name="varBaleCap_Change"><en>Change bale capacity</en><de>Ballenkapazität verändern</de></text>
		<text name="VarBaleCapCurrent"><en>Current bale capacity</en><de>Momentane Ballenkapazität</de></text>
		<text name="WarningFillLevel"><en>Warning: The current bale must be finished before it's possible to change the capacity.</en><de>Warnung: Der momentane Ballen muss fertiggestellt werden bevor die Kapazität verändert werden kann.</de></text>
		<text name="WarningBaleFinished"><en>Warning: The current bale is finished and must be unloaded first.</en><de>Warnung: Der momentane Ballen ist fertig und muss zuerst abgeladen werden.</de></text>
	</l10n>

</modDesc>