﻿<?xml version="1.0" encoding="utf-8" standalone="no" ?>
<modDesc descVersion="46">
    <author>Fernand24</author>
    <version>1.0.0.0</version>
    <title>
            <en>Selling Station</en>
            <de>Verkaufsstation</de>
			<fr>Station De Vente</fr>
			
    </title>
    <description>
        <en><![CDATA[ welcome
This placeable point of sale allows with the use of progressive maps a placement on a flat ground at the place of your choice.
Accepted products
wheat - barley - canola - sunflowers - soybean - maize - potatos
- sugarBeet - sugarCane - oat - eggs - milk.
Price = 15.000$ 
Good game]]></en>
        <de><![CDATA[ willkommen
Diese Verkaufsstelle ermöglicht ein platzieren auf ebenem Gelände zum Verkauf von vielen Fruchtarten.
Akzeptierte Produkte
Weizen - Gerste - Raps - Sonnenblumen - Soja - Mais - Kartoffeln
- Zuckerrüben - Zuckerrohr - Hafer - Eier - Milch
Preis = 15.000€
Gutes Spiel]]></de>
		<fr><![CDATA[ Bienvenue
Ce point de vente plaçable permet avec l'utilisation de maps évolutives un placement sur un sol plat à l'endroit de votre choix.
Produits acceptés
blé - orge - colza - tournesol - soja - maïs - pommes de terre - betteraves à sucre - canne à sucre - avoine - oeufs - lait. 
Prix = 15.000€
Bon jeu    ]]>     </fr>
    </description>
    <iconFilename>icon_sellingStation.dds</iconFilename>
    <multiplayer supported="true"/>
    
    <storeItems>
        <storeItem rootNode="placeable" xmlFilename="sellingStation.xml"/>
    </storeItems>
</modDesc>
