﻿<?xml version="1.0" encoding="utf-8" standalone="no" ?>
<placeable>
    <storeData>
        <name>
		    <en>Selling Station</en>
            <de>Verkaufsstation</de>
			<fr>Station De Vente</fr>
		</name>
			
			
		<image>store_sellingStation.dds</image>
        <price>15000</price>
        <dailyUpkeep>0</dailyUpkeep>
        <canBeSold>true</canBeSold>
        <showInStore>true</showInStore>
        <lifetime>1000</lifetime>
        <rotation>0</rotation>
        <brand>LIZARD</brand>
        <species>placeable</species>
        <category>placeableMisc</category>
        
        <vertexBufferMemoryUsage>78164</vertexBufferMemoryUsage>
        <indexBufferMemoryUsage>18648</indexBufferMemoryUsage>
        <textureMemoryUsage>1485904</textureMemoryUsage>
        <instanceVertexBufferMemoryUsage>0</instanceVertexBufferMemoryUsage>
        <instanceIndexBufferMemoryUsage>0</instanceIndexBufferMemoryUsage>
    </storeData>
	
    <placeableType>sellingStation</placeableType>
    <filename>sellingStation.i3d</filename>
    <placement testSizeX="1" testSizeZ="1" sizeX="1" sizeZ="1" useRandomYRotation="false" useManualYRotation="true"/>
    
	<sellingStation stationName="selling_Station" appearsOnPDA="true" storageRadius="0" litersForFullPriceDrop="100000" fullPriceRecoverHours="48">
        <unloadTrigger exactFillRootNode="0|0|0|0|0" baleTriggerNode="0|0|0|0|1" />
		<fillType name="wheat"            priceScale="1" supportsGreatDemand="true" disablePriceDrop="false" />
        <fillType name="barley"           priceScale="1" supportsGreatDemand="true" disablePriceDrop="false" />
        <fillType name="canola"           priceScale="1" supportsGreatDemand="true" disablePriceDrop="false" />
		<fillType name="sunflower"        priceScale="1" supportsGreatDemand="true" disablePriceDrop="false" />
		<fillType name="soybean"          priceScale="1" supportsGreatDemand="true" disablePriceDrop="false" />
		<fillType name="maize"            priceScale="1" supportsGreatDemand="true" disablePriceDrop="false" />
		<fillType name="potato"           priceScale="1" supportsGreatDemand="true" disablePriceDrop="false" />
		<fillType name="sugarBeet"        priceScale="1" supportsGreatDemand="true" disablePriceDrop="false" />
		<fillType name="sugarCane"        priceScale="1" supportsGreatDemand="true" disablePriceDrop="false" />
        <fillType name="oat"              priceScale="1" supportsGreatDemand="true" disablePriceDrop="false" />
        <fillType name="egg"              priceScale="1" supportsGreatDemand="true" disablePriceDrop="false" />
        <fillType name="milk"             priceScale="1" supportsGreatDemand="true" disablePriceDrop="false" />
    </sellingStation>
    
	<hotspots>
        <hotspot name="selling Station" fullName="Selling Point" imageName="SELLING_POINT" hidable="true" linkNode="0|1" category="CATEGORY_TRIGGERS"/>
    </hotspots>
	
		
	<clearAreas>
        <clearArea startNode="2|0" widthNode="2|0|0" heightNode="2|0|1"/>
    </clearAreas>

    <leveling requireLeveling="true" maxSmoothDistance="15" maxSlope="20" maxEdgeAngle="20">
        <levelAreas>
            <levelArea startNode="2|0" widthNode="2|0|0" heightNode="2|0|1" groundType="asphalt"/>
        </levelAreas>
    </leveling>
  <tipOcclusionUpdateArea sizeX="8" sizeZ="11"/> 
	
</placeable>
