﻿<?xml version="1.0" encoding="utf-8" standalone="no" ?>
<modDesc descVersion="46">
   <author>GtX</author>

   <contributers>Eribus (Icon), Ralf (Translation)</contributers>

   <version>1.1.0.0</version>

    <title>
        <en>Animal Screen Extended</en>
    </title>

    <description>
        <en>
            <![CDATA[Small script addon that extends the Animal Screen function at the Animal Pen and the Animal Dealers.

1: Current Animal Pen fill level plus current selection, along with capacity is now shown in the top right.
2: Holding down the 'move' key on you keybord or controller for longer than 2 seconds will activate quick move. This will slowly move selected animals without needing repeated input. Speed will increase after 20 animals are moved.

Version: 1.1.0.0
- Script optimisations
- Holding down the 'move' button on screen with the left mouse button is now an accepted input method.
]]>
        </en>
        <de>
            <![CDATA[Kleines Skript-Addon, das die Tier Menü-Funktion bei den Stallungen und dem Tierhändler erweitert.

1: Der aktuelle Füllstand des Stalls, sowie die aktuelle Auswahl und die Kapazität, werden jetzt oben rechts angezeigt.
2: Wenn Sie die 'Verschieben'-Taste länger als 2 Sekunden auf Ihrem Keybord oder Controller gedrückt halten, wird die schnelle Verschiebung aktiviert. Dadurch werden ausgewählte Tiere langsam verschoben, ohne dass eine wiederholte Eingabe erforderlich ist. Die Geschwindigkeit erhöht sich, nachdem 20 Tiere verschoben wurden.

Version: 1.1.0.0
- Skriptoptimierungen
- Das Gedrückthalten der "Verschieben" -Taste auf dem Bildschirm mit der linken Maustaste ist jetzt eine akzeptierte Eingabemethode.
]]>
        </de>
        <fr>
            <![CDATA[Petit addon de script qui étend la fonction de menu des animaux pour les écuries et le marchand d'animaux.

1: Le niveau actuel de l'étable ainsi que la sélection et la capacité actuelles sont désormais affichés en haut à droite.
2: Si vous maintenez enfoncé le bouton «Déplacer» de votre clavier ou de votre contrôleur pendant plus de 2 secondes, le déplacement rapide sera activé. En conséquence, les animaux sélectionnés sont déplacés lentement sans avoir besoin d'entrées répétées. La vitesse augmente après le déplacement de 20 animaux.

Version: 1.1.0.0
- Optimisations de script
- Maintenir le bouton "Déplacer" sur l'écran avec le bouton gauche de la souris est maintenant une méthode d'entrée acceptée.
]]>
        </fr>
    </description>

    <multiplayer supported="true"/>
    <iconFilename>icon.dds</iconFilename>

    <extraSourceFiles>
        <sourceFile filename="AnimalScreenExtended.lua" />
    </extraSourceFiles>
</modDesc>
