﻿<?xml version="1.0" encoding="utf-8" standalone="no" ?>
<modDesc descVersion="43">
    <author>Brad Suhr</author>
    <version>1.0.0.0</version>	
    <title>
        <en>Dekalb Corn Seed</en>
        <de>Dekalb Corn Seed</de>
    </title>

    <description>
        <en>A pallet of Dekalb brand seed</en>
        <de>A pallet of Dekalb brand seed</de>
    </description>
	
    <iconFilename>brand.dds</iconFilename>
	
    <multiplayer supported="true"/>
	
    <storeItems>
        <storeItem xmlFilename="pioneerPallet.xml"/>
    </storeItems>
	
    <brands>
        <brand name="DEKALB" title="Dekalb" image="brand.png"/>
    </brands>
</modDesc>
